path,type,value
/Record/RecordType,string,AtomicNumber
/Record/RecordNumber,number,104
/Record/RecordTitle,string,Rutherfordium
/Record/Section/0/TOCHeading,string,Identifiers
/Record/Section/0/Description,string,"Identifiers for this element, including element name, element symbol, InChI string, and InChIKey."
/Record/Section/0/Section/0/TOCHeading,string,Element Name
/Record/Section/0/Section/0/Description,string,"The formal, standard name for a given element, originating from factors such as common usage and the person or place involved in its discovery. Element, also called chemical element, refers to a species of atom; all varieties of atoms with the same number of protons in the nucleus (but possibly a different number of neutrons) are considered to be the same element."
/Record/Section/0/Section/0/Information/0/ReferenceNumber,number,1
/Record/Section/0/Section/0/Information/0/Name,string,Element Name
/Record/Section/0/Section/0/Information/0/Value/StringWithMarkup/0/String,string,Rutherfordium
/Record/Section/0/Section/0/Information/1/ReferenceNumber,number,3
/Record/Section/0/Section/0/Information/1/Name,string,Element Name
/Record/Section/0/Section/0/Information/1/Value/StringWithMarkup/0/String,string,Rutherfordium
/Record/Section/0/Section/1/TOCHeading,string,Element Symbol
/Record/Section/0/Section/1/Description,string,"Element symbol, also called atomic symbol, typically consists of one or two letters from the Latin alphabet derived from the element name in one of several languages."
/Record/Section/0/Section/1/Information/0/ReferenceNumber,number,1
/Record/Section/0/Section/1/Information/0/Name,string,Element Symbol
/Record/Section/0/Section/1/Information/0/Value/StringWithMarkup/0/String,string,Rf
/Record/Section/0/Section/1/Information/1/ReferenceNumber,number,3
/Record/Section/0/Section/1/Information/1/Name,string,Element Symbol
/Record/Section/0/Section/1/Information/1/Value/StringWithMarkup/0/String,string,Rf
/Record/Section/0/Section/2/TOCHeading,string,InChI
/Record/Section/0/Section/2/Description,string,"The International Chemical Identifier (InChI) is a computed, non-proprietary identifier for a chemical structure.  The InChI is an International Union of Pure and Applied Chemistry (IUPAC) standard."
/Record/Section/0/Section/2/URL,string,https://iupac.org/who-we-are/divisions/division-details/inchi/
/Record/Section/0/Section/2/Information/0/ReferenceNumber,number,1
/Record/Section/0/Section/2/Information/0/Name,string,InChI
/Record/Section/0/Section/2/Information/0/Value/StringWithMarkup/0/String,string,InChI=1S/Rf
/Record/Section/0/Section/3/TOCHeading,string,InChIKey
/Record/Section/0/Section/3/Description,string,"An InChIKey is a 27-character hashed code derived from an InChI.  The International Chemical Identifier (InChI) is a computed, non-proprietary identifier for a chemical structure.  The InChI is an International Union of Pure and Applied Chemistry (IUPAC) standard."
/Record/Section/0/Section/3/URL,string,https://iupac.org/who-we-are/divisions/division-details/inchi/
/Record/Section/0/Section/3/Information/0/ReferenceNumber,number,1
/Record/Section/0/Section/3/Information/0/Name,string,InChIKey
/Record/Section/0/Section/3/Information/0/Value/StringWithMarkup/0/String,string,YGPLJIIQQIDVFJ-UHFFFAOYSA-N
/Record/Section/1/TOCHeading,string,Properties
/Record/Section/1/Description,string,"Characteristics of this element, such as atomic number, atomic mass, density, melting point, boiling point and so on."
/Record/Section/1/Section/0/TOCHeading,string,Atomic Weight
/Record/Section/1/Section/0/Description,string,"Also called relative atomic mass, is the ratio of the average mass of the atom to the unified atomic mass unit, defined as one twelfth of the mass of a carbon-12 atom in its ground state and used to express masses of atomic particles, u=1.660 5402(10) * 10**(-27) kg. The Standard atomic weights refer to recommended values of relative atomic masses of the elements revised biennially by the IUPAC Commission on Atomic Weights and Isotopic Abundances and applicable to elements in any normal sample with a high level of confidence. The number in the parenthesis refers to an uncertainty when exists. The unit of atomic weight is the dalton or unified atomic mass unit (symbol: Da or u)."
/Record/Section/1/Section/0/Information/0/ReferenceNumber,number,5
/Record/Section/1/Section/0/Information/0/Value/StringWithMarkup/0/String,string,263
/Record/Section/1/Section/0/Information/1/ReferenceNumber,number,6
/Record/Section/1/Section/0/Information/1/Value/StringWithMarkup/0/String,string,267
/Record/Section/1/Section/0/Information/2/ReferenceNumber,number,7
/Record/Section/1/Section/0/Information/2/Value/StringWithMarkup/0/String,string,Relative Mass: 267.12179(62#)
/Record/Section/1/Section/1/TOCHeading,string,Electron Configuration
/Record/Section/1/Section/1/Description,string,"The electron configuration refers a distribution of the electrons of an atom or a molecular entity over a set of one-electron wavefunctions (called orbitals), according to the Pauli principle. From one configuration several states with different multiplicities may result."
/Record/Section/1/Section/1/URL,string,https://chem.libretexts.org/Courses/Sacramento_City_College/SCC%3A_Chem_420_-_Organic_Chemistry_I/Text/01%3A_Introduction_and_Review/1.04%3A_Electron_Configurations
/Record/Section/1/Section/1/Information/0/ReferenceNumber,number,6
/Record/Section/1/Section/1/Information/0/Value/StringWithMarkup/0/String,string,[Rn]7s25f146d2
/Record/Section/1/Section/1/Information/0/Value/StringWithMarkup/0/Markup/0/Start,number,6
/Record/Section/1/Section/1/Information/0/Value/StringWithMarkup/0/Markup/0/Length,number,1
/Record/Section/1/Section/1/Information/0/Value/StringWithMarkup/0/Markup/0/Type,string,Superscript
/Record/Section/1/Section/1/Information/0/Value/StringWithMarkup/0/Markup/1/Start,number,9
/Record/Section/1/Section/1/Information/0/Value/StringWithMarkup/0/Markup/1/Length,number,2
/Record/Section/1/Section/1/Information/0/Value/StringWithMarkup/0/Markup/1/Type,string,Superscript
/Record/Section/1/Section/1/Information/0/Value/StringWithMarkup/0/Markup/2/Start,number,13
/Record/Section/1/Section/1/Information/0/Value/StringWithMarkup/0/Markup/2/Length,number,1
/Record/Section/1/Section/1/Information/0/Value/StringWithMarkup/0/Markup/2/Type,string,Superscript
/Record/Section/1/Section/2/TOCHeading,string,Atomic Radius
/Record/Section/1/Section/2/Description,string,"The atomic radius of a chemical element is a measure of the size of its atom, usually, the distance from the center of the nucleus to the outermost isolated electron.  Because an atom does not have a discrete boundary, there are various non-equivalent definitions of atomic radius, such as Van der Waals radius and covalent radius."
/Record/Section/1/Section/2/Information/0/ReferenceNumber,number,6
/Record/Section/1/Section/2/Information/0/Name,string,Empirical Atomic Radius
/Record/Section/1/Section/2/Information/0/Value/StringWithMarkup/0/String,string,empirical: 150 pm (estimated)
/Record/Section/1/Section/3/TOCHeading,string,Oxidation States
/Record/Section/1/Section/3/Description,string,"The oxidation state(s) that this element commonly has in a compound.  The oxidation state of an atom is defined as the hypothetical charge that would be held by that atom if all of its bonds to other atoms were completely ionic in nature. For example, the oxidation state of carbon in CO2 would be +4 since the hypothetical charge held by the carbon atom if both of the carbon-oxygen double bonds were completely ionic would be equal to +4 (each oxygen atom would hold a charge of -2 since oxygen is more electronegative than carbon)."
/Record/Section/1/Section/3/URL,string,https://chem.libretexts.org/Bookshelves/General_Chemistry/Map%3A_Chemistry_-_The_Central_Science_(Brown_et_al.)/20%3A_Electrochemistry/20.01%3A_Oxidation_States_and_Redox_Reactions
/Record/Section/1/Section/3/Information/0/ReferenceNumber,number,5
/Record/Section/1/Section/3/Information/0/Value/StringWithMarkup/0/String,string,+4
/Record/Section/1/Section/3/Information/1/ReferenceNumber,number,6
/Record/Section/1/Section/3/Information/1/Value/StringWithMarkup/0/String,string,"4, (3), (2)"
/Record/Section/1/Section/4/TOCHeading,string,Ground Level
/Record/Section/1/Section/4/Description,string,Also called ground-state level. The ground state electron configuration is the arrangement of electrons around the nucleus of an atom with lower energy levels.
/Record/Section/1/Section/4/Information/0/ReferenceNumber,number,7
/Record/Section/1/Section/4/Information/0/Value/StringWithMarkup/0/String,string,3F2
/Record/Section/1/Section/4/Information/0/Value/StringWithMarkup/0/Markup/0/Start,number,0
/Record/Section/1/Section/4/Information/0/Value/StringWithMarkup/0/Markup/0/Length,number,1
/Record/Section/1/Section/4/Information/0/Value/StringWithMarkup/0/Markup/0/Type,string,Superscript
/Record/Section/1/Section/4/Information/0/Value/StringWithMarkup/0/Markup/1/Start,number,2
/Record/Section/1/Section/4/Information/0/Value/StringWithMarkup/0/Markup/1/Length,number,1
/Record/Section/1/Section/4/Information/0/Value/StringWithMarkup/0/Markup/1/Type,string,Subscript
/Record/Section/1/Section/5/TOCHeading,string,Ionization Energy
/Record/Section/1/Section/5/Description,string,"Ionization energy, also called ionization potential, is the amount of energy required to remove an electron from an isolated atom or molecule."
/Record/Section/1/Section/5/URL,string,https://www.britannica.com/science/ionization-energy
/Record/Section/1/Section/5/Information/0/ReferenceNumber,number,7
/Record/Section/1/Section/5/Information/0/Reference/0,string,"Ionization Potentials of Superheavy Elements No, Lr, and Rf and Their Ions, V. A. Dzuba, M. S. Safronova, U. I. Safronova, and A. Kramida, Phys. Rev. A 94, 042503 (2016) DOI:10.1103/PhysRevA.94.042503"
/Record/Section/1/Section/5/Information/0/ExtendedReference/0/Citation,string,"Ionization Potentials of Superheavy Elements No, Lr, and Rf and Their Ions, V. A. Dzuba, M. S. Safronova, U. I. Safronova, and A. Kramida, Phys. Rev. A 94, 042503 (2016) DOI:10.1103/PhysRevA.94.042503"
/Record/Section/1/Section/5/Information/0/Value/StringWithMarkup/0/String,string,6.02 ± 0.04 eV  (Theoretical value.)
/Record/Section/1/Section/6/TOCHeading,string,Atomic Spectra
/Record/Section/1/Section/6/Description,string,The spectrum of the electromagnetic radiation emitted or absorbed by an electron during transitions between different energy levels within an atom.
/Record/Section/1/Section/6/Information/0/ReferenceNumber,number,7
/Record/Section/1/Section/6/Information/0/URL,string,https://physics.nist.gov/cgi-bin/ASD/levels_hold.pl?el=Rf
/Record/Section/1/Section/6/Information/0/Value/StringWithMarkup/0/String,string,Levels Holdings
/Record/Section/1/Section/7/TOCHeading,string,Physical Description
/Record/Section/1/Section/7/Description,string,"The appearance or features of this element, including color, odor, state, taste and more in general."
/Record/Section/1/Section/7/Information/0/ReferenceNumber,number,5
/Record/Section/1/Section/7/Information/0/Value/StringWithMarkup/0/String,string,Solid
/Record/Section/1/Section/8/TOCHeading,string,Element Classification
/Record/Section/1/Section/8/Description,string,"Classification according to the element's chemical and physical properties, and location within the periodic table."
/Record/Section/1/Section/8/Information/0/ReferenceNumber,number,5
/Record/Section/1/Section/8/Information/0/Value/StringWithMarkup/0/String,string,Metal
/Record/Section/1/Section/9/TOCHeading,string,Element Period Number
/Record/Section/1/Section/9/Description,string,The element period number refers to a horizontal row of the periodic table. The periodic table has 7 periods.
/Record/Section/1/Section/9/Information/0/ReferenceNumber,number,5
/Record/Section/1/Section/9/Information/0/Value/StringWithMarkup/0/String,string,7
/Record/Section/1/Section/10/TOCHeading,string,Element Group Number
/Record/Section/1/Section/10/Description,string,Element group refers to a set of chemical elements in the same vertical column of the periodic table
/Record/Section/1/Section/10/Information/0/ReferenceNumber,number,5
/Record/Section/1/Section/10/Information/0/Value/StringWithMarkup/0/String,string,4
/Record/Section/1/Section/11/TOCHeading,string,Melting Point
/Record/Section/1/Section/11/Description,string,"This section provides the melting point and/or freezing point. The melting point is the temperature at which a substance changes state from solid to liquid at atmospheric pressure. When considered as the temperature of the reverse change (from liquid to solid), it is referred to as the freezing point."
/Record/Section/1/Section/11/URL,string,https://chem.libretexts.org/Bookshelves/Organic_Chemistry/Organic_Chemistry_Lab_Techniques_(Nichols)/06%3A_Miscellaneous_Techniques/6.01%3A_Melting_Point
/Record/Section/1/Section/11/Information/0/ReferenceNumber,number,6
/Record/Section/1/Section/11/Information/0/Value/StringWithMarkup/0/String,string,"2400K​(2100°C,​3800°F)(predicted)"
/Record/Section/1/Section/12/TOCHeading,string,Boiling Point
/Record/Section/1/Section/12/Description,string,The temperature at which this element changes state from liquid to gas at a given atmospheric pressure.
/Record/Section/1/Section/12/URL,string,https://chem.libretexts.org/Bookshelves/Organic_Chemistry/Organic_Chemistry_Lab_Techniques_(Nichols)/06%3A_Miscellaneous_Techniques/6.02%3A_Boiling_Point
/Record/Section/1/Section/12/Information/0/ReferenceNumber,number,6
/Record/Section/1/Section/12/Information/0/Value/StringWithMarkup/0/String,string,"5800K​(5500°C,​9900°F)(predicted)"
/Record/Section/1/Section/13/TOCHeading,string,Estimated Crustal Abundance
/Record/Section/1/Section/13/Description,string,The estimated element abundance in the earth's crust.
/Record/Section/1/Section/13/Information/0/ReferenceNumber,number,5
/Record/Section/1/Section/13/Information/0/Value/StringWithMarkup/0/String,string,Not Applicable
/Record/Section/1/Section/14/TOCHeading,string,Estimated Oceanic Abundance
/Record/Section/1/Section/14/Description,string,The estimated element abundance in the earth's oceans.
/Record/Section/1/Section/14/Information/0/ReferenceNumber,number,5
/Record/Section/1/Section/14/Information/0/Value/StringWithMarkup/0/String,string,Not Applicable
/Record/Section/2/TOCHeading,string,History
/Record/Section/2/Description,string,The history of the discovery and use of this element.
/Record/Section/2/Information/0/ReferenceNumber,number,5
/Record/Section/2/Information/0/Value/StringWithMarkup/0/String,string,"Scientists working at the Joint Institute for Nuclear Research in Dubna, Russia, first reported the production of rutherfordium in 1964. They bombarded atoms of plutonium-242 with ions of neon-22, forming what they believed to be atoms of rutherfordium-260 and four free neutrons. In 1969, a group of scientists working at the Lawrence Radiation Laboratory, now known as the Lawrence Berkeley Laboratory, in Berkeley, California, attempted to confirm the Dubna group's discovery. Lacking the equipment needed to accelerate neon ions, the Berkeley group, led by Albert Ghiorso, bombarded atoms of californium-248 and californium-249 with ions of carbon-12 and carbon-13, producing atoms of rutherfordium-257, rutherfordium-258, rutherfordium-259 and rutherfordium-261. They were, however, unable to produce the same isotope as the Dubna group. Credit for the discovery of rutherfordium is still under debate. Rutherfordium's most stable isotope, rutherfordium-263, has a half-life of about 10 minutes and decays through spontaneous fission."
/Record/Section/2/Information/1/ReferenceNumber,number,6
/Record/Section/2/Information/1/Value/StringWithMarkup/0/String,string,"In 1964, workers at the Joint Nuclear Research Institute at Dubna (U.S.S.R.) bombarded plutonium with accelerated 113 to 115 MeV neon ions. By measuring fission tracks in a special glass with a microscope, they detected an isotope that decays by spontaneous fission. They suggested that this isotope, which had a half-life of 0.3 +/- 0.1 s might be 260-104, produced by the following reaction: 242Pu + 22Ne >260Rf +4n."
/Record/Section/2/Information/1/Value/StringWithMarkup/0/Markup/0/Start,number,394
/Record/Section/2/Information/1/Value/StringWithMarkup/0/Markup/0/Length,number,3
/Record/Section/2/Information/1/Value/StringWithMarkup/0/Markup/0/Type,string,Superscript
/Record/Section/2/Information/1/Value/StringWithMarkup/0/Markup/1/Start,number,402
/Record/Section/2/Information/1/Value/StringWithMarkup/0/Markup/1/Length,number,2
/Record/Section/2/Information/1/Value/StringWithMarkup/0/Markup/1/Type,string,Superscript
/Record/Section/2/Information/1/Value/StringWithMarkup/0/Markup/2/Start,number,408
/Record/Section/2/Information/1/Value/StringWithMarkup/0/Markup/2/Length,number,3
/Record/Section/2/Information/1/Value/StringWithMarkup/0/Markup/2/Type,string,Superscript
/Record/Section/2/Information/1/Value/StringWithMarkup/1/String,string,"Element 104, the first transactinide element, is expected to have chemical properties similar to those of hafnium. It would, for example, form a relatively volatile compound with chlorine (a tetrachloride)."
/Record/Section/2/Information/1/Value/StringWithMarkup/2/String,string,"The Soviet scientists have performed experiments aimed at chemical identification, and have attempted to show that the 0.3-s activity is more volatile than that of the relatively nonvolatile actinide trichlorides. This experiment does not fulfill the test of chemically separating the new element from all others, but it provides important evidence for evaluation. Data issued by Soviet scientists reduced the half-life of the isotope they worked with from 0.3 to 0.15 s."
/Record/Section/3/TOCHeading,string,Description
/Record/Section/3/Description,string,"A short description of this element, provided by authoritative sources."
/Record/Section/3/Information/0/ReferenceNumber,number,4
/Record/Section/3/Information/0/Reference/0,string,"[634]  Berkeley Lab-Lawrence Berkeley National Laboratory. The Search for “Heavy” Elements, Berkeley Lab-Lawrence Berkeley National Laboratory (2014), Feb. 25; http://www.lbl.gov/abc/wallchart/chapters/08/0.html."
/Record/Section/3/Information/0/Reference/1,string,"[645]  Los Alamos National Laboratory. Periodic Table of Elements: LANL-Rutherfordium, Los Alamos National Laboratory (2014), Feb. 25; http://periodic.lanl.gov/104.shtml."
/Record/Section/3/Information/0/ExtendedReference/0/Citation,string,"[634]  Berkeley Lab-Lawrence Berkeley National Laboratory. The Search for “Heavy” Elements, Berkeley Lab-Lawrence Berkeley National Laboratory (2014), Feb. 25; http://www.lbl.gov/abc/wallchart/chapters/08/0.html."
/Record/Section/3/Information/0/ExtendedReference/1/Citation,string,"[645]  Los Alamos National Laboratory. Periodic Table of Elements: LANL-Rutherfordium, Los Alamos National Laboratory (2014), Feb. 25; http://periodic.lanl.gov/104.shtml."
/Record/Section/3/Information/0/Value/StringWithMarkup/0/String,string,"Rutherfordium does not occur naturally in the Earth’s crust. Credit for the first synthesis of this element is given jointly to Albert Ghiorso and his team at the University of California in Berkeley and Georgi Flerov and his team at the Joint Institute for Nuclear Research (JINR) in Dubna, Russia. The element is named for Ernest Rutherford (Fig. IUPAC.104.1), who won the Nobel Prize for developing the theory of radioactive transformations [645]."
/Record/Section/3/Information/0/Value/StringWithMarkup/1/String,string,"Rutherfordium is of interest in particle physics research, but it has no commercial applications. 261Rf was one of the decay products used to confirm the synthesis of copernicium in a particle accelerator experiment [634]."
/Record/Section/3/Information/0/Value/StringWithMarkup/1/Markup/0/Start,number,98
/Record/Section/3/Information/0/Value/StringWithMarkup/1/Markup/0/Length,number,3
/Record/Section/3/Information/0/Value/StringWithMarkup/1/Markup/0/Type,string,Superscript
/Record/Section/3/Information/0/Value/StringWithMarkup/2/String,string,          
/Record/Section/3/Information/0/Value/StringWithMarkup/2/Markup/0/Start,number,0
/Record/Section/3/Information/0/Value/StringWithMarkup/2/Markup/0/Length,number,1
/Record/Section/3/Information/0/Value/StringWithMarkup/2/Markup/0/URL,string,https://pubchem.ncbi.nlm.nih.gov/images/iupac/j_pac-2015-0703_fig_140.jpg
/Record/Section/3/Information/0/Value/StringWithMarkup/2/Markup/0/Type,string,Image
/Record/Section/3/Information/0/Value/StringWithMarkup/2/Markup/0/Size,string,721x971
/Record/Section/3/Information/0/Value/StringWithMarkup/2/Markup/0/Caption,string,Fig. IUPAC.104.1: Element 104 was named rutherfordium in honor of Ernest Rutherford. (Photo Source: Los Alamos National Laboratory) [645]. 
/Record/Section/3/Information/1/ReferenceNumber,number,6
/Record/Section/3/Information/1/Value/StringWithMarkup/0/String,string,Rutherfordium named after Ernest Rutherford.
/Record/Section/4/TOCHeading,string,Uses
/Record/Section/4/Description,string,Uses of this element in industry and other fields.
/Record/Section/4/Information/0/ReferenceNumber,number,5
/Record/Section/4/Information/0/Value/StringWithMarkup/0/String,string,"Due to the small amounts produced and its short half-life, there are currently no uses for rutherfordium outside of basic scientific research."
/Record/Section/5/TOCHeading,string,Compounds
/Record/Section/5/Description,string,Compound records related to this element.
/Record/Section/5/Information/0/ReferenceNumber,number,8
/Record/Section/5/Information/0/Name,string,Compounds
/Record/Section/5/Information/0/URL,string,https://pubchem.ncbi.nlm.nih.gov/#query=Rutherfordium
/Record/Section/5/Information/0/Value/StringWithMarkup/0/String,string,See more information at the Rutherfordium compound page.
/Record/Section/5/Section/0/TOCHeading,string,Element Forms
/Record/Section/5/Section/0/Description,string,"Other forms of this element, including ions, isotopes, etc."
/Record/Section/5/Section/0/DisplayControls/CreateTable/FromInformationIn,string,ThisSection
/Record/Section/5/Section/0/DisplayControls/CreateTable/NumberOfColumns,number,5
/Record/Section/5/Section/0/DisplayControls/CreateTable/ColumnsFromNamedLists/Name/0,string,CID
/Record/Section/5/Section/0/DisplayControls/CreateTable/ColumnsFromNamedLists/Name/1,string,Name
/Record/Section/5/Section/0/DisplayControls/CreateTable/ColumnsFromNamedLists/Name/2,string,Formula
/Record/Section/5/Section/0/DisplayControls/CreateTable/ColumnsFromNamedLists/Name/3,string,SMILES
/Record/Section/5/Section/0/DisplayControls/CreateTable/ColumnsFromNamedLists/Name/4,string,Molecular Weight
/Record/Section/5/Section/0/DisplayControls/CreateTable/ColumnsFromNamedLists/UseNamesAsColumnHeadings,boolean,true
/Record/Section/5/Section/0/Information/0/ReferenceNumber,number,8
/Record/Section/5/Section/0/Information/0/Name,string,CID
/Record/Section/5/Section/0/Information/0/Value/StringWithMarkup/0/String,string,56951715
/Record/Section/5/Section/0/Information/0/Value/StringWithMarkup/0/Markup/0/Start,number,0
/Record/Section/5/Section/0/Information/0/Value/StringWithMarkup/0/Markup/0/Length,number,8
/Record/Section/5/Section/0/Information/0/Value/StringWithMarkup/0/Markup/0/URL,string,https://pubchem.ncbi.nlm.nih.gov/compound/56951715
/Record/Section/5/Section/0/Information/1/ReferenceNumber,number,8
/Record/Section/5/Section/0/Information/1/Name,string,Name
/Record/Section/5/Section/0/Information/1/Value/StringWithMarkup/0/String,string,rutherfordium
/Record/Section/5/Section/0/Information/2/ReferenceNumber,number,8
/Record/Section/5/Section/0/Information/2/Name,string,Formula
/Record/Section/5/Section/0/Information/2/Value/StringWithMarkup/0/String,string,Rf
/Record/Section/5/Section/0/Information/3/ReferenceNumber,number,8
/Record/Section/5/Section/0/Information/3/Name,string,SMILES
/Record/Section/5/Section/0/Information/3/Value/StringWithMarkup/0/String,string,[Rf]
/Record/Section/5/Section/0/Information/4/ReferenceNumber,number,8
/Record/Section/5/Section/0/Information/4/Name,string,Molecular Weight
/Record/Section/5/Section/0/Information/4/Value/StringWithMarkup/0/String,string,267.122
/Record/Section/6/TOCHeading,string,Isotopes
/Record/Section/6/Description,string,Isotopes are nuclides having the same atomic number but different mass numbers.  This section provides information on the isotopes of this element and their uses in various fields.
/Record/Section/6/URL,string,https://chem.libretexts.org/Courses/Furman_University/CHM101%3A_Chemistry_and_Global_Awareness_(Gordon)/03%3A_Atoms_and_the_Periodic_Table/3.05%3A_Isotopes
/Record/Section/6/Information/0/ReferenceNumber,number,5
/Record/Section/6/Information/0/Name,string,Stable Isotope Count
/Record/Section/6/Information/0/Value/StringWithMarkup/0/String,string,0
/Record/Section/6/Information/1/ReferenceNumber,number,6
/Record/Section/6/Information/1/Name,string,Summary
/Record/Section/6/Information/1/Value/StringWithMarkup/0/String,string,"In 1969 Ghiorso, Nurmia, Harris, K.A.Y. Eskola, and P.L. Eskola of the University of California at Berkeley reported that they had positively identified two, and possibly three isotopes of Element 104. The group indicated that, after repeated attempts, they produced isotope 260104 reported by the Dubna groups in 1964."
/Record/Section/6/Information/1/Value/StringWithMarkup/0/Markup/0/Start,number,275
/Record/Section/6/Information/1/Value/StringWithMarkup/0/Markup/0/Length,number,3
/Record/Section/6/Information/1/Value/StringWithMarkup/0/Markup/0/Type,string,Superscript
/Record/Section/6/Information/1/Value/StringWithMarkup/1/String,string,"The discoveries at Berkeley were made by bombarding a target of 249Cf with 12C nuclei of 71 MeV, and 13C nuclei of 69 MeV. The combination of 12C with 249Cf followed by instant emission of four neutrons produced Element 257104. This isotope has a half-life of 4 to 5 s, decaying by emitting an alpha particle into 253No, with a half-life of 105 s."
/Record/Section/6/Information/1/Value/StringWithMarkup/1/Markup/0/Start,number,64
/Record/Section/6/Information/1/Value/StringWithMarkup/1/Markup/0/Length,number,3
/Record/Section/6/Information/1/Value/StringWithMarkup/1/Markup/0/Type,string,Superscript
/Record/Section/6/Information/1/Value/StringWithMarkup/1/Markup/1/Start,number,75
/Record/Section/6/Information/1/Value/StringWithMarkup/1/Markup/1/Length,number,2
/Record/Section/6/Information/1/Value/StringWithMarkup/1/Markup/1/Type,string,Superscript
/Record/Section/6/Information/1/Value/StringWithMarkup/1/Markup/2/Start,number,101
/Record/Section/6/Information/1/Value/StringWithMarkup/1/Markup/2/Length,number,2
/Record/Section/6/Information/1/Value/StringWithMarkup/1/Markup/2/Type,string,Superscript
/Record/Section/6/Information/1/Value/StringWithMarkup/1/Markup/3/Start,number,142
/Record/Section/6/Information/1/Value/StringWithMarkup/1/Markup/3/Length,number,2
/Record/Section/6/Information/1/Value/StringWithMarkup/1/Markup/3/Type,string,Superscript
/Record/Section/6/Information/1/Value/StringWithMarkup/1/Markup/4/Start,number,151
/Record/Section/6/Information/1/Value/StringWithMarkup/1/Markup/4/Length,number,3
/Record/Section/6/Information/1/Value/StringWithMarkup/1/Markup/4/Type,string,Superscript
/Record/Section/6/Information/1/Value/StringWithMarkup/1/Markup/5/Start,number,220
/Record/Section/6/Information/1/Value/StringWithMarkup/1/Markup/5/Length,number,3
/Record/Section/6/Information/1/Value/StringWithMarkup/1/Markup/5/Type,string,Superscript
/Record/Section/6/Information/1/Value/StringWithMarkup/1/Markup/6/Start,number,314
/Record/Section/6/Information/1/Value/StringWithMarkup/1/Markup/6/Length,number,3
/Record/Section/6/Information/1/Value/StringWithMarkup/1/Markup/6/Type,string,Superscript
/Record/Section/6/Information/1/Value/StringWithMarkup/2/String,string,"The same reaction, except with the emission of three neutrons, was thought to have produced 258104 with a half-life of about 1/100 s."
/Record/Section/6/Information/1/Value/StringWithMarkup/2/Markup/0/Start,number,92
/Record/Section/6/Information/1/Value/StringWithMarkup/2/Markup/0/Length,number,3
/Record/Section/6/Information/1/Value/StringWithMarkup/2/Markup/0/Type,string,Superscript
/Record/Section/6/Information/1/Value/StringWithMarkup/3/String,string,"Element 259104 is formed by the merging of a 13C nuclei with 249Cf, followed by emission of three neutrons. This isotope has a half-life of 3 to 4 s, and decays by emitting an alpha particle into 255No, which has a half-life of 185 s."
/Record/Section/6/Information/1/Value/StringWithMarkup/3/Markup/0/Start,number,8
/Record/Section/6/Information/1/Value/StringWithMarkup/3/Markup/0/Length,number,3
/Record/Section/6/Information/1/Value/StringWithMarkup/3/Markup/0/Type,string,Superscript
/Record/Section/6/Information/1/Value/StringWithMarkup/3/Markup/1/Start,number,45
/Record/Section/6/Information/1/Value/StringWithMarkup/3/Markup/1/Length,number,2
/Record/Section/6/Information/1/Value/StringWithMarkup/3/Markup/1/Type,string,Superscript
/Record/Section/6/Information/1/Value/StringWithMarkup/3/Markup/2/Start,number,61
/Record/Section/6/Information/1/Value/StringWithMarkup/3/Markup/2/Length,number,3
/Record/Section/6/Information/1/Value/StringWithMarkup/3/Markup/2/Type,string,Superscript
/Record/Section/6/Information/1/Value/StringWithMarkup/3/Markup/3/Start,number,196
/Record/Section/6/Information/1/Value/StringWithMarkup/3/Markup/3/Length,number,3
/Record/Section/6/Information/1/Value/StringWithMarkup/3/Markup/3/Type,string,Superscript
/Record/Section/6/Information/1/Value/StringWithMarkup/4/String,string,"Thousands of atoms of 257104 and 259104 have been detected. The Berkeley group believes their identification of 258-104 is correct, but attaches less confidence to this work than to their work on 257104 and 259104."
/Record/Section/6/Information/1/Value/StringWithMarkup/4/Markup/0/Start,number,22
/Record/Section/6/Information/1/Value/StringWithMarkup/4/Markup/0/Length,number,3
/Record/Section/6/Information/1/Value/StringWithMarkup/4/Markup/0/Type,string,Superscript
/Record/Section/6/Information/1/Value/StringWithMarkup/4/Markup/1/Start,number,33
/Record/Section/6/Information/1/Value/StringWithMarkup/4/Markup/1/Length,number,3
/Record/Section/6/Information/1/Value/StringWithMarkup/4/Markup/1/Type,string,Superscript
/Record/Section/6/Information/1/Value/StringWithMarkup/4/Markup/2/Start,number,196
/Record/Section/6/Information/1/Value/StringWithMarkup/4/Markup/2/Length,number,3
/Record/Section/6/Information/1/Value/StringWithMarkup/4/Markup/2/Type,string,Superscript
/Record/Section/6/Information/1/Value/StringWithMarkup/4/Markup/3/Start,number,207
/Record/Section/6/Information/1/Value/StringWithMarkup/4/Markup/3/Length,number,3
/Record/Section/6/Information/1/Value/StringWithMarkup/4/Markup/3/Type,string,Superscript
/Record/Section/6/Section/0/TOCHeading,string,Isotope Mass and Abundance
/Record/Section/6/Section/0/Description,string,Atomic mass and abundance (composition) information for a given isotope/nuclide. The number in the parenthesis refers to an uncertainty when exist. The unit of atomic weight is the unified atomic mass unit (u) or dalton (Da). 
/Record/Section/6/Section/0/DisplayControls/CreateTable/FromInformationIn,string,ThisSection
/Record/Section/6/Section/0/DisplayControls/CreateTable/NumberOfColumns,number,3
/Record/Section/6/Section/0/DisplayControls/CreateTable/ColumnsFromNamedLists/Name/0,string,Isotope
/Record/Section/6/Section/0/DisplayControls/CreateTable/ColumnsFromNamedLists/Name/1,string,Atomic Mass (uncertainty) [u]
/Record/Section/6/Section/0/DisplayControls/CreateTable/ColumnsFromNamedLists/Name/2,string,Abundance (uncertainty)
/Record/Section/6/Section/0/DisplayControls/CreateTable/ColumnsFromNamedLists/UseNamesAsColumnHeadings,boolean,true
/Record/Section/6/Section/0/Information/0/ReferenceNumber,number,7
/Record/Section/6/Section/0/Information/0/Name,string,Isotope
/Record/Section/6/Section/0/Information/0/Value/StringWithMarkup/0/String,string,267Rf
/Record/Section/6/Section/0/Information/0/Value/StringWithMarkup/0/Markup/0/Start,number,0
/Record/Section/6/Section/0/Information/0/Value/StringWithMarkup/0/Markup/0/Length,number,3
/Record/Section/6/Section/0/Information/0/Value/StringWithMarkup/0/Markup/0/Type,string,Superscript
/Record/Section/6/Section/0/Information/1/ReferenceNumber,number,7
/Record/Section/6/Section/0/Information/1/Name,string,Atomic Mass (uncertainty) [u]
/Record/Section/6/Section/0/Information/1/Value/StringWithMarkup/0/String,string,267.12179(62#)
/Record/Section/6/Section/0/Information/2/ReferenceNumber,number,7
/Record/Section/6/Section/0/Information/2/Name,string,Abundance (uncertainty)
/Record/Section/6/Section/0/Information/2/Value/StringWithMarkup/0/String,string,
/Record/Section/6/Section/1/TOCHeading,string,"Atomic Mass, Half Life, and Decay"
/Record/Section/6/Section/1/Description,string,"Information on the atomic mass, half life, and decay for this element, from the the Atomic Mass Data Center. The number after the ± refers to an uncertainty when exists."
/Record/Section/6/Section/1/URL,string,https://pubchem.ncbi.nlm.nih.gov/docs/atomic-mass/
/Record/Section/6/Section/1/DisplayControls/CreateTable/FromInformationIn,string,ThisSection
/Record/Section/6/Section/1/DisplayControls/CreateTable/NumberOfColumns,number,5
/Record/Section/6/Section/1/DisplayControls/CreateTable/ColumnsFromNamedLists/Name/0,string,Nuclide
/Record/Section/6/Section/1/DisplayControls/CreateTable/ColumnsFromNamedLists/Name/1,string,Atomic Mass and Uncertainty [u]
/Record/Section/6/Section/1/DisplayControls/CreateTable/ColumnsFromNamedLists/Name/2,string,Half Life and Uncertainty
/Record/Section/6/Section/1/DisplayControls/CreateTable/ColumnsFromNamedLists/Name/3,string,Discovery Year
/Record/Section/6/Section/1/DisplayControls/CreateTable/ColumnsFromNamedLists/Name/4,string,"Decay Modes, Intensities and Uncertainties [%]"
/Record/Section/6/Section/1/DisplayControls/CreateTable/ColumnsFromNamedLists/UseNamesAsColumnHeadings,boolean,true
/Record/Section/6/Section/1/Information/0/ReferenceNumber,number,2
/Record/Section/6/Section/1/Information/0/Name,string,Nuclide
/Record/Section/6/Section/1/Information/0/Value/StringWithMarkup/0/String,string,253Rf
/Record/Section/6/Section/1/Information/0/Value/StringWithMarkup/0/Markup/0/Start,number,0
/Record/Section/6/Section/1/Information/0/Value/StringWithMarkup/0/Markup/0/Length,number,3
/Record/Section/6/Section/1/Information/0/Value/StringWithMarkup/0/Markup/0/Type,string,Superscript
/Record/Section/6/Section/1/Information/0/Value/StringWithMarkup/1/String,string,253Rfm
/Record/Section/6/Section/1/Information/0/Value/StringWithMarkup/1/Markup/0/Start,number,0
/Record/Section/6/Section/1/Information/0/Value/StringWithMarkup/1/Markup/0/Length,number,3
/Record/Section/6/Section/1/Information/0/Value/StringWithMarkup/1/Markup/0/Type,string,Superscript
/Record/Section/6/Section/1/Information/0/Value/StringWithMarkup/1/Markup/1/Start,number,5
/Record/Section/6/Section/1/Information/0/Value/StringWithMarkup/1/Markup/1/Length,number,1
/Record/Section/6/Section/1/Information/0/Value/StringWithMarkup/1/Markup/1/Type,string,Superscript
/Record/Section/6/Section/1/Information/0/Value/StringWithMarkup/2/String,string,254Rf
/Record/Section/6/Section/1/Information/0/Value/StringWithMarkup/2/Markup/0/Start,number,0
/Record/Section/6/Section/1/Information/0/Value/StringWithMarkup/2/Markup/0/Length,number,3
/Record/Section/6/Section/1/Information/0/Value/StringWithMarkup/2/Markup/0/Type,string,Superscript
/Record/Section/6/Section/1/Information/0/Value/StringWithMarkup/3/String,string,254Rfm
/Record/Section/6/Section/1/Information/0/Value/StringWithMarkup/3/Markup/0/Start,number,0
/Record/Section/6/Section/1/Information/0/Value/StringWithMarkup/3/Markup/0/Length,number,3
/Record/Section/6/Section/1/Information/0/Value/StringWithMarkup/3/Markup/0/Type,string,Superscript
/Record/Section/6/Section/1/Information/0/Value/StringWithMarkup/3/Markup/1/Start,number,5
/Record/Section/6/Section/1/Information/0/Value/StringWithMarkup/3/Markup/1/Length,number,1
/Record/Section/6/Section/1/Information/0/Value/StringWithMarkup/3/Markup/1/Type,string,Superscript
/Record/Section/6/Section/1/Information/0/Value/StringWithMarkup/4/String,string,254Rfn
/Record/Section/6/Section/1/Information/0/Value/StringWithMarkup/4/Markup/0/Start,number,0
/Record/Section/6/Section/1/Information/0/Value/StringWithMarkup/4/Markup/0/Length,number,3
/Record/Section/6/Section/1/Information/0/Value/StringWithMarkup/4/Markup/0/Type,string,Superscript
/Record/Section/6/Section/1/Information/0/Value/StringWithMarkup/4/Markup/1/Start,number,5
/Record/Section/6/Section/1/Information/0/Value/StringWithMarkup/4/Markup/1/Length,number,1
/Record/Section/6/Section/1/Information/0/Value/StringWithMarkup/4/Markup/1/Type,string,Superscript
/Record/Section/6/Section/1/Information/0/Value/StringWithMarkup/5/String,string,255Rf
/Record/Section/6/Section/1/Information/0/Value/StringWithMarkup/5/Markup/0/Start,number,0
/Record/Section/6/Section/1/Information/0/Value/StringWithMarkup/5/Markup/0/Length,number,3
/Record/Section/6/Section/1/Information/0/Value/StringWithMarkup/5/Markup/0/Type,string,Superscript
/Record/Section/6/Section/1/Information/0/Value/StringWithMarkup/6/String,string,255Rfm
/Record/Section/6/Section/1/Information/0/Value/StringWithMarkup/6/Markup/0/Start,number,0
/Record/Section/6/Section/1/Information/0/Value/StringWithMarkup/6/Markup/0/Length,number,3
/Record/Section/6/Section/1/Information/0/Value/StringWithMarkup/6/Markup/0/Type,string,Superscript
/Record/Section/6/Section/1/Information/0/Value/StringWithMarkup/6/Markup/1/Start,number,5
/Record/Section/6/Section/1/Information/0/Value/StringWithMarkup/6/Markup/1/Length,number,1
/Record/Section/6/Section/1/Information/0/Value/StringWithMarkup/6/Markup/1/Type,string,Superscript
/Record/Section/6/Section/1/Information/0/Value/StringWithMarkup/7/String,string,255Rfn
/Record/Section/6/Section/1/Information/0/Value/StringWithMarkup/7/Markup/0/Start,number,0
/Record/Section/6/Section/1/Information/0/Value/StringWithMarkup/7/Markup/0/Length,number,3
/Record/Section/6/Section/1/Information/0/Value/StringWithMarkup/7/Markup/0/Type,string,Superscript
/Record/Section/6/Section/1/Information/0/Value/StringWithMarkup/7/Markup/1/Start,number,5
/Record/Section/6/Section/1/Information/0/Value/StringWithMarkup/7/Markup/1/Length,number,1
/Record/Section/6/Section/1/Information/0/Value/StringWithMarkup/7/Markup/1/Type,string,Superscript
/Record/Section/6/Section/1/Information/0/Value/StringWithMarkup/8/String,string,255Rfp
/Record/Section/6/Section/1/Information/0/Value/StringWithMarkup/8/Markup/0/Start,number,0
/Record/Section/6/Section/1/Information/0/Value/StringWithMarkup/8/Markup/0/Length,number,3
/Record/Section/6/Section/1/Information/0/Value/StringWithMarkup/8/Markup/0/Type,string,Superscript
/Record/Section/6/Section/1/Information/0/Value/StringWithMarkup/8/Markup/1/Start,number,5
/Record/Section/6/Section/1/Information/0/Value/StringWithMarkup/8/Markup/1/Length,number,1
/Record/Section/6/Section/1/Information/0/Value/StringWithMarkup/8/Markup/1/Type,string,Superscript
/Record/Section/6/Section/1/Information/0/Value/StringWithMarkup/9/String,string,256Rf
/Record/Section/6/Section/1/Information/0/Value/StringWithMarkup/9/Markup/0/Start,number,0
/Record/Section/6/Section/1/Information/0/Value/StringWithMarkup/9/Markup/0/Length,number,3
/Record/Section/6/Section/1/Information/0/Value/StringWithMarkup/9/Markup/0/Type,string,Superscript
/Record/Section/6/Section/1/Information/0/Value/StringWithMarkup/10/String,string,256Rfm
/Record/Section/6/Section/1/Information/0/Value/StringWithMarkup/10/Markup/0/Start,number,0
/Record/Section/6/Section/1/Information/0/Value/StringWithMarkup/10/Markup/0/Length,number,3
/Record/Section/6/Section/1/Information/0/Value/StringWithMarkup/10/Markup/0/Type,string,Superscript
/Record/Section/6/Section/1/Information/0/Value/StringWithMarkup/10/Markup/1/Start,number,5
/Record/Section/6/Section/1/Information/0/Value/StringWithMarkup/10/Markup/1/Length,number,1
/Record/Section/6/Section/1/Information/0/Value/StringWithMarkup/10/Markup/1/Type,string,Superscript
/Record/Section/6/Section/1/Information/0/Value/StringWithMarkup/11/String,string,256Rfn
/Record/Section/6/Section/1/Information/0/Value/StringWithMarkup/11/Markup/0/Start,number,0
/Record/Section/6/Section/1/Information/0/Value/StringWithMarkup/11/Markup/0/Length,number,3
/Record/Section/6/Section/1/Information/0/Value/StringWithMarkup/11/Markup/0/Type,string,Superscript
/Record/Section/6/Section/1/Information/0/Value/StringWithMarkup/11/Markup/1/Start,number,5
/Record/Section/6/Section/1/Information/0/Value/StringWithMarkup/11/Markup/1/Length,number,1
/Record/Section/6/Section/1/Information/0/Value/StringWithMarkup/11/Markup/1/Type,string,Superscript
/Record/Section/6/Section/1/Information/0/Value/StringWithMarkup/12/String,string,256Rfp
/Record/Section/6/Section/1/Information/0/Value/StringWithMarkup/12/Markup/0/Start,number,0
/Record/Section/6/Section/1/Information/0/Value/StringWithMarkup/12/Markup/0/Length,number,3
/Record/Section/6/Section/1/Information/0/Value/StringWithMarkup/12/Markup/0/Type,string,Superscript
/Record/Section/6/Section/1/Information/0/Value/StringWithMarkup/12/Markup/1/Start,number,5
/Record/Section/6/Section/1/Information/0/Value/StringWithMarkup/12/Markup/1/Length,number,1
/Record/Section/6/Section/1/Information/0/Value/StringWithMarkup/12/Markup/1/Type,string,Superscript
/Record/Section/6/Section/1/Information/0/Value/StringWithMarkup/13/String,string,257Rf
/Record/Section/6/Section/1/Information/0/Value/StringWithMarkup/13/Markup/0/Start,number,0
/Record/Section/6/Section/1/Information/0/Value/StringWithMarkup/13/Markup/0/Length,number,3
/Record/Section/6/Section/1/Information/0/Value/StringWithMarkup/13/Markup/0/Type,string,Superscript
/Record/Section/6/Section/1/Information/0/Value/StringWithMarkup/14/String,string,257Rfm
/Record/Section/6/Section/1/Information/0/Value/StringWithMarkup/14/Markup/0/Start,number,0
/Record/Section/6/Section/1/Information/0/Value/StringWithMarkup/14/Markup/0/Length,number,3
/Record/Section/6/Section/1/Information/0/Value/StringWithMarkup/14/Markup/0/Type,string,Superscript
/Record/Section/6/Section/1/Information/0/Value/StringWithMarkup/14/Markup/1/Start,number,5
/Record/Section/6/Section/1/Information/0/Value/StringWithMarkup/14/Markup/1/Length,number,1
/Record/Section/6/Section/1/Information/0/Value/StringWithMarkup/14/Markup/1/Type,string,Superscript
/Record/Section/6/Section/1/Information/0/Value/StringWithMarkup/15/String,string,257Rfn
/Record/Section/6/Section/1/Information/0/Value/StringWithMarkup/15/Markup/0/Start,number,0
/Record/Section/6/Section/1/Information/0/Value/StringWithMarkup/15/Markup/0/Length,number,3
/Record/Section/6/Section/1/Information/0/Value/StringWithMarkup/15/Markup/0/Type,string,Superscript
/Record/Section/6/Section/1/Information/0/Value/StringWithMarkup/15/Markup/1/Start,number,5
/Record/Section/6/Section/1/Information/0/Value/StringWithMarkup/15/Markup/1/Length,number,1
/Record/Section/6/Section/1/Information/0/Value/StringWithMarkup/15/Markup/1/Type,string,Superscript
/Record/Section/6/Section/1/Information/0/Value/StringWithMarkup/16/String,string,258Rf
/Record/Section/6/Section/1/Information/0/Value/StringWithMarkup/16/Markup/0/Start,number,0
/Record/Section/6/Section/1/Information/0/Value/StringWithMarkup/16/Markup/0/Length,number,3
/Record/Section/6/Section/1/Information/0/Value/StringWithMarkup/16/Markup/0/Type,string,Superscript
/Record/Section/6/Section/1/Information/0/Value/StringWithMarkup/17/String,string,258Rfm
/Record/Section/6/Section/1/Information/0/Value/StringWithMarkup/17/Markup/0/Start,number,0
/Record/Section/6/Section/1/Information/0/Value/StringWithMarkup/17/Markup/0/Length,number,3
/Record/Section/6/Section/1/Information/0/Value/StringWithMarkup/17/Markup/0/Type,string,Superscript
/Record/Section/6/Section/1/Information/0/Value/StringWithMarkup/17/Markup/1/Start,number,5
/Record/Section/6/Section/1/Information/0/Value/StringWithMarkup/17/Markup/1/Length,number,1
/Record/Section/6/Section/1/Information/0/Value/StringWithMarkup/17/Markup/1/Type,string,Superscript
/Record/Section/6/Section/1/Information/0/Value/StringWithMarkup/18/String,string,258Rfn
/Record/Section/6/Section/1/Information/0/Value/StringWithMarkup/18/Markup/0/Start,number,0
/Record/Section/6/Section/1/Information/0/Value/StringWithMarkup/18/Markup/0/Length,number,3
/Record/Section/6/Section/1/Information/0/Value/StringWithMarkup/18/Markup/0/Type,string,Superscript
/Record/Section/6/Section/1/Information/0/Value/StringWithMarkup/18/Markup/1/Start,number,5
/Record/Section/6/Section/1/Information/0/Value/StringWithMarkup/18/Markup/1/Length,number,1
/Record/Section/6/Section/1/Information/0/Value/StringWithMarkup/18/Markup/1/Type,string,Superscript
/Record/Section/6/Section/1/Information/0/Value/StringWithMarkup/19/String,string,259Rf
/Record/Section/6/Section/1/Information/0/Value/StringWithMarkup/19/Markup/0/Start,number,0
/Record/Section/6/Section/1/Information/0/Value/StringWithMarkup/19/Markup/0/Length,number,3
/Record/Section/6/Section/1/Information/0/Value/StringWithMarkup/19/Markup/0/Type,string,Superscript
/Record/Section/6/Section/1/Information/0/Value/StringWithMarkup/20/String,string,259Rfp
/Record/Section/6/Section/1/Information/0/Value/StringWithMarkup/20/Markup/0/Start,number,0
/Record/Section/6/Section/1/Information/0/Value/StringWithMarkup/20/Markup/0/Length,number,3
/Record/Section/6/Section/1/Information/0/Value/StringWithMarkup/20/Markup/0/Type,string,Superscript
/Record/Section/6/Section/1/Information/0/Value/StringWithMarkup/20/Markup/1/Start,number,5
/Record/Section/6/Section/1/Information/0/Value/StringWithMarkup/20/Markup/1/Length,number,1
/Record/Section/6/Section/1/Information/0/Value/StringWithMarkup/20/Markup/1/Type,string,Superscript
/Record/Section/6/Section/1/Information/0/Value/StringWithMarkup/21/String,string,259Rfq
/Record/Section/6/Section/1/Information/0/Value/StringWithMarkup/21/Markup/0/Start,number,0
/Record/Section/6/Section/1/Information/0/Value/StringWithMarkup/21/Markup/0/Length,number,3
/Record/Section/6/Section/1/Information/0/Value/StringWithMarkup/21/Markup/0/Type,string,Superscript
/Record/Section/6/Section/1/Information/0/Value/StringWithMarkup/21/Markup/1/Start,number,5
/Record/Section/6/Section/1/Information/0/Value/StringWithMarkup/21/Markup/1/Length,number,1
/Record/Section/6/Section/1/Information/0/Value/StringWithMarkup/21/Markup/1/Type,string,Superscript
/Record/Section/6/Section/1/Information/0/Value/StringWithMarkup/22/String,string,260Rf
/Record/Section/6/Section/1/Information/0/Value/StringWithMarkup/22/Markup/0/Start,number,0
/Record/Section/6/Section/1/Information/0/Value/StringWithMarkup/22/Markup/0/Length,number,3
/Record/Section/6/Section/1/Information/0/Value/StringWithMarkup/22/Markup/0/Type,string,Superscript
/Record/Section/6/Section/1/Information/0/Value/StringWithMarkup/23/String,string,261Rf
/Record/Section/6/Section/1/Information/0/Value/StringWithMarkup/23/Markup/0/Start,number,0
/Record/Section/6/Section/1/Information/0/Value/StringWithMarkup/23/Markup/0/Length,number,3
/Record/Section/6/Section/1/Information/0/Value/StringWithMarkup/23/Markup/0/Type,string,Superscript
/Record/Section/6/Section/1/Information/0/Value/StringWithMarkup/24/String,string,261Rfm
/Record/Section/6/Section/1/Information/0/Value/StringWithMarkup/24/Markup/0/Start,number,0
/Record/Section/6/Section/1/Information/0/Value/StringWithMarkup/24/Markup/0/Length,number,3
/Record/Section/6/Section/1/Information/0/Value/StringWithMarkup/24/Markup/0/Type,string,Superscript
/Record/Section/6/Section/1/Information/0/Value/StringWithMarkup/24/Markup/1/Start,number,5
/Record/Section/6/Section/1/Information/0/Value/StringWithMarkup/24/Markup/1/Length,number,1
/Record/Section/6/Section/1/Information/0/Value/StringWithMarkup/24/Markup/1/Type,string,Superscript
/Record/Section/6/Section/1/Information/0/Value/StringWithMarkup/25/String,string,262Rf
/Record/Section/6/Section/1/Information/0/Value/StringWithMarkup/25/Markup/0/Start,number,0
/Record/Section/6/Section/1/Information/0/Value/StringWithMarkup/25/Markup/0/Length,number,3
/Record/Section/6/Section/1/Information/0/Value/StringWithMarkup/25/Markup/0/Type,string,Superscript
/Record/Section/6/Section/1/Information/0/Value/StringWithMarkup/26/String,string,262Rfm
/Record/Section/6/Section/1/Information/0/Value/StringWithMarkup/26/Markup/0/Start,number,0
/Record/Section/6/Section/1/Information/0/Value/StringWithMarkup/26/Markup/0/Length,number,3
/Record/Section/6/Section/1/Information/0/Value/StringWithMarkup/26/Markup/0/Type,string,Superscript
/Record/Section/6/Section/1/Information/0/Value/StringWithMarkup/26/Markup/1/Start,number,5
/Record/Section/6/Section/1/Information/0/Value/StringWithMarkup/26/Markup/1/Length,number,1
/Record/Section/6/Section/1/Information/0/Value/StringWithMarkup/26/Markup/1/Type,string,Superscript
/Record/Section/6/Section/1/Information/0/Value/StringWithMarkup/27/String,string,263Rf
/Record/Section/6/Section/1/Information/0/Value/StringWithMarkup/27/Markup/0/Start,number,0
/Record/Section/6/Section/1/Information/0/Value/StringWithMarkup/27/Markup/0/Length,number,3
/Record/Section/6/Section/1/Information/0/Value/StringWithMarkup/27/Markup/0/Type,string,Superscript
/Record/Section/6/Section/1/Information/0/Value/StringWithMarkup/28/String,string,264Rf
/Record/Section/6/Section/1/Information/0/Value/StringWithMarkup/28/Markup/0/Start,number,0
/Record/Section/6/Section/1/Information/0/Value/StringWithMarkup/28/Markup/0/Length,number,3
/Record/Section/6/Section/1/Information/0/Value/StringWithMarkup/28/Markup/0/Type,string,Superscript
/Record/Section/6/Section/1/Information/0/Value/StringWithMarkup/29/String,string,265Rf
/Record/Section/6/Section/1/Information/0/Value/StringWithMarkup/29/Markup/0/Start,number,0
/Record/Section/6/Section/1/Information/0/Value/StringWithMarkup/29/Markup/0/Length,number,3
/Record/Section/6/Section/1/Information/0/Value/StringWithMarkup/29/Markup/0/Type,string,Superscript
/Record/Section/6/Section/1/Information/0/Value/StringWithMarkup/30/String,string,266Rf
/Record/Section/6/Section/1/Information/0/Value/StringWithMarkup/30/Markup/0/Start,number,0
/Record/Section/6/Section/1/Information/0/Value/StringWithMarkup/30/Markup/0/Length,number,3
/Record/Section/6/Section/1/Information/0/Value/StringWithMarkup/30/Markup/0/Type,string,Superscript
/Record/Section/6/Section/1/Information/0/Value/StringWithMarkup/31/String,string,267Rf
/Record/Section/6/Section/1/Information/0/Value/StringWithMarkup/31/Markup/0/Start,number,0
/Record/Section/6/Section/1/Information/0/Value/StringWithMarkup/31/Markup/0/Length,number,3
/Record/Section/6/Section/1/Information/0/Value/StringWithMarkup/31/Markup/0/Type,string,Superscript
/Record/Section/6/Section/1/Information/0/Value/StringWithMarkup/32/String,string,268Rf
/Record/Section/6/Section/1/Information/0/Value/StringWithMarkup/32/Markup/0/Start,number,0
/Record/Section/6/Section/1/Information/0/Value/StringWithMarkup/32/Markup/0/Length,number,3
/Record/Section/6/Section/1/Information/0/Value/StringWithMarkup/32/Markup/0/Type,string,Superscript
/Record/Section/6/Section/1/Information/1/ReferenceNumber,number,2
/Record/Section/6/Section/1/Information/1/Name,string,Atomic Mass and Uncertainty [u]
/Record/Section/6/Section/1/Information/1/Value/StringWithMarkup/0/String,string,253.100528 ± 0.00044 [Estimated]
/Record/Section/6/Section/1/Information/1/Value/StringWithMarkup/1/String,string,253.100528 ± 0.00044 [Estimated]
/Record/Section/6/Section/1/Information/1/Value/StringWithMarkup/2/String,string,254.100055 ± 0.000304 [Estimated]
/Record/Section/6/Section/1/Information/1/Value/StringWithMarkup/3/String,string,254.100055 ± 0.000304 [Estimated]
/Record/Section/6/Section/1/Information/1/Value/StringWithMarkup/4/String,string,254.100055 ± 0.000304 [Estimated]
/Record/Section/6/Section/1/Information/1/Value/StringWithMarkup/5/String,string,255.101267 ± 0.000194 [Estimated]
/Record/Section/6/Section/1/Information/1/Value/StringWithMarkup/6/String,string,255.101267 ± 0.000194 [Estimated]
/Record/Section/6/Section/1/Information/1/Value/StringWithMarkup/7/String,string,255.101267 ± 0.000194 [Estimated]
/Record/Section/6/Section/1/Information/1/Value/StringWithMarkup/8/String,string,255.101267 ± 0.000194 [Estimated]
/Record/Section/6/Section/1/Information/1/Value/StringWithMarkup/9/String,string,256.101151464 ± 0.00001916
/Record/Section/6/Section/1/Information/1/Value/StringWithMarkup/10/String,string,256.101151464 ± 0.00001916
/Record/Section/6/Section/1/Information/1/Value/StringWithMarkup/11/String,string,256.101151464 ± 0.00001916
/Record/Section/6/Section/1/Information/1/Value/StringWithMarkup/12/String,string,256.101151464 ± 0.00001916
/Record/Section/6/Section/1/Information/1/Value/StringWithMarkup/13/String,string,257.102916796 ± 0.000011612
/Record/Section/6/Section/1/Information/1/Value/StringWithMarkup/14/String,string,257.102916796 ± 0.000011612
/Record/Section/6/Section/1/Information/1/Value/StringWithMarkup/15/String,string,257.102916796 ± 0.000011612
/Record/Section/6/Section/1/Information/1/Value/StringWithMarkup/16/String,string,258.103429895 ± 0.000017288
/Record/Section/6/Section/1/Information/1/Value/StringWithMarkup/17/String,string,258.103429895 ± 0.000017288
/Record/Section/6/Section/1/Information/1/Value/StringWithMarkup/18/String,string,258.103429895 ± 0.000017288
/Record/Section/6/Section/1/Information/1/Value/StringWithMarkup/19/String,string,259.105601 ± 0.000078 [Estimated]
/Record/Section/6/Section/1/Information/1/Value/StringWithMarkup/20/String,string,259.105601 ± 0.000078 [Estimated]
/Record/Section/6/Section/1/Information/1/Value/StringWithMarkup/21/String,string,259.105601 ± 0.000078 [Estimated]
/Record/Section/6/Section/1/Information/1/Value/StringWithMarkup/22/String,string,260.106440 ± 0.000215 [Estimated]
/Record/Section/6/Section/1/Information/1/Value/StringWithMarkup/23/String,string,261.108769591 ± 0.000070492
/Record/Section/6/Section/1/Information/1/Value/StringWithMarkup/24/String,string,261.108769591 ± 0.000070492
/Record/Section/6/Section/1/Information/1/Value/StringWithMarkup/25/String,string,262.109923 ± 0.00024 [Estimated]
/Record/Section/6/Section/1/Information/1/Value/StringWithMarkup/26/String,string,262.109923 ± 0.00024 [Estimated]
/Record/Section/6/Section/1/Information/1/Value/StringWithMarkup/27/String,string,263.112461 ± 0.000164 [Estimated]
/Record/Section/6/Section/1/Information/1/Value/StringWithMarkup/28/String,string,264.113876 ± 0.000387 [Estimated]
/Record/Section/6/Section/1/Information/1/Value/StringWithMarkup/29/String,string,265.116683 ± 0.000387 [Estimated]
/Record/Section/6/Section/1/Information/1/Value/StringWithMarkup/30/String,string,266.118236 ± 0.000443 [Estimated]
/Record/Section/6/Section/1/Information/1/Value/StringWithMarkup/31/String,string,267.121787 ± 0.000617 [Estimated]
/Record/Section/6/Section/1/Information/1/Value/StringWithMarkup/32/String,string,268.123968 ± 0.000711 [Estimated]
/Record/Section/6/Section/1/Information/2/ReferenceNumber,number,2
/Record/Section/6/Section/1/Information/2/Name,string,Half Life and Uncertainty
/Record/Section/6/Section/1/Information/2/Value/StringWithMarkup/0/String,string,13 ms ± 5
/Record/Section/6/Section/1/Information/2/Value/StringWithMarkup/1/String,string,52 us ± 14
/Record/Section/6/Section/1/Information/2/Value/StringWithMarkup/2/String,string,22.9 us ± 1.0
/Record/Section/6/Section/1/Information/2/Value/StringWithMarkup/3/String,string,4.3 us ± 0.7
/Record/Section/6/Section/1/Information/2/Value/StringWithMarkup/4/String,string,247 us ± 73
/Record/Section/6/Section/1/Information/2/Value/StringWithMarkup/5/String,string,1.63 s ± 0.05
/Record/Section/6/Section/1/Information/2/Value/StringWithMarkup/6/String,string,43 us ± 9
/Record/Section/6/Section/1/Information/2/Value/StringWithMarkup/7/String,string,16 us ± 5
/Record/Section/6/Section/1/Information/2/Value/StringWithMarkup/8/String,string,41 us ± 10
/Record/Section/6/Section/1/Information/2/Value/StringWithMarkup/9/String,string,6.60 ms ± 0.05
/Record/Section/6/Section/1/Information/2/Value/StringWithMarkup/10/String,string,25 us ± 2
/Record/Section/6/Section/1/Information/2/Value/StringWithMarkup/11/String,string,17 us ± 2
/Record/Section/6/Section/1/Information/2/Value/StringWithMarkup/12/String,string,27 us ± 5
/Record/Section/6/Section/1/Information/2/Value/StringWithMarkup/13/String,string,5.0 s ± 0.2
/Record/Section/6/Section/1/Information/2/Value/StringWithMarkup/14/String,string,4.5 s ± 0.2
/Record/Section/6/Section/1/Information/2/Value/StringWithMarkup/15/String,string,106 us ± 6
/Record/Section/6/Section/1/Information/2/Value/StringWithMarkup/16/String,string,12.5 ms ± 0.5
/Record/Section/6/Section/1/Information/2/Value/StringWithMarkup/17/String,string,3.4 ms ± 1.7
/Record/Section/6/Section/1/Information/2/Value/StringWithMarkup/18/String,string,15 us ± 10
/Record/Section/6/Section/1/Information/2/Value/StringWithMarkup/19/String,string,2.63 s ± 0.26
/Record/Section/6/Section/1/Information/2/Value/StringWithMarkup/20/String,string,Not-specified
/Record/Section/6/Section/1/Information/2/Value/StringWithMarkup/21/String,string,Not-specified
/Record/Section/6/Section/1/Information/2/Value/StringWithMarkup/22/String,string,21 ms ± 1
/Record/Section/6/Section/1/Information/2/Value/StringWithMarkup/23/String,string,2.1 s ± 0.2
/Record/Section/6/Section/1/Information/2/Value/StringWithMarkup/24/String,string,74 s ± 5
/Record/Section/6/Section/1/Information/2/Value/StringWithMarkup/25/String,string,250 ms ± 100
/Record/Section/6/Section/1/Information/2/Value/StringWithMarkup/26/String,string,47 ms ± 5
/Record/Section/6/Section/1/Information/2/Value/StringWithMarkup/27/String,string,11 m ± 3
/Record/Section/6/Section/1/Information/2/Value/StringWithMarkup/28/String,string,1 h [Estimated]
/Record/Section/6/Section/1/Information/2/Value/StringWithMarkup/29/String,string,1.6 m ± 0.6
/Record/Section/6/Section/1/Information/2/Value/StringWithMarkup/30/String,string,4 h [Estimated]
/Record/Section/6/Section/1/Information/2/Value/StringWithMarkup/31/String,string,2.5 h ± 1.5
/Record/Section/6/Section/1/Information/2/Value/StringWithMarkup/32/String,string,1 h [Estimated]
/Record/Section/6/Section/1/Information/3/ReferenceNumber,number,2
/Record/Section/6/Section/1/Information/3/Name,string,Discovery Year
/Record/Section/6/Section/1/Information/3/Value/StringWithMarkup/0/String,string,1997
/Record/Section/6/Section/1/Information/3/Value/StringWithMarkup/1/String,string,1995
/Record/Section/6/Section/1/Information/3/Value/StringWithMarkup/2/String,string,1997
/Record/Section/6/Section/1/Information/3/Value/StringWithMarkup/3/String,string,2015
/Record/Section/6/Section/1/Information/3/Value/StringWithMarkup/4/String,string,2015
/Record/Section/6/Section/1/Information/3/Value/StringWithMarkup/5/String,string,1975
/Record/Section/6/Section/1/Information/3/Value/StringWithMarkup/6/String,string,2015
/Record/Section/6/Section/1/Information/3/Value/StringWithMarkup/7/String,string,2020
/Record/Section/6/Section/1/Information/3/Value/StringWithMarkup/8/String,string,2020
/Record/Section/6/Section/1/Information/3/Value/StringWithMarkup/9/String,string,1975
/Record/Section/6/Section/1/Information/3/Value/StringWithMarkup/10/String,string,2009
/Record/Section/6/Section/1/Information/3/Value/StringWithMarkup/11/String,string,2009
/Record/Section/6/Section/1/Information/3/Value/StringWithMarkup/12/String,string,2009
/Record/Section/6/Section/1/Information/3/Value/StringWithMarkup/13/String,string,1969
/Record/Section/6/Section/1/Information/3/Value/StringWithMarkup/14/String,string,1997
/Record/Section/6/Section/1/Information/3/Value/StringWithMarkup/15/String,string,2009
/Record/Section/6/Section/1/Information/3/Value/StringWithMarkup/16/String,string,1969
/Record/Section/6/Section/1/Information/3/Value/StringWithMarkup/17/String,string,2016
/Record/Section/6/Section/1/Information/3/Value/StringWithMarkup/18/String,string,2016
/Record/Section/6/Section/1/Information/3/Value/StringWithMarkup/19/String,string,1969
/Record/Section/6/Section/1/Information/3/Value/StringWithMarkup/20/String,string,
/Record/Section/6/Section/1/Information/3/Value/StringWithMarkup/21/String,string,
/Record/Section/6/Section/1/Information/3/Value/StringWithMarkup/22/String,string,1985
/Record/Section/6/Section/1/Information/3/Value/StringWithMarkup/23/String,string,1970
/Record/Section/6/Section/1/Information/3/Value/StringWithMarkup/24/String,string,1970
/Record/Section/6/Section/1/Information/3/Value/StringWithMarkup/25/String,string,1985
/Record/Section/6/Section/1/Information/3/Value/StringWithMarkup/26/String,string,1978
/Record/Section/6/Section/1/Information/3/Value/StringWithMarkup/27/String,string,2003
/Record/Section/6/Section/1/Information/3/Value/StringWithMarkup/28/String,string,
/Record/Section/6/Section/1/Information/3/Value/StringWithMarkup/29/String,string,2010
/Record/Section/6/Section/1/Information/3/Value/StringWithMarkup/30/String,string,
/Record/Section/6/Section/1/Information/3/Value/StringWithMarkup/31/String,string,2004
/Record/Section/6/Section/1/Information/3/Value/StringWithMarkup/32/String,string,
/Record/Section/6/Section/1/Information/4/ReferenceNumber,number,2
/Record/Section/6/Section/1/Information/4/Name,string,"Decay Modes, Intensities and Uncertainties [%]"
/Record/Section/6/Section/1/Information/4/Value/StringWithMarkup/0/String,string,SF≈100%; α ?
/Record/Section/6/Section/1/Information/4/Value/StringWithMarkup/1/String,string,SF≈100%; α ?
/Record/Section/6/Section/1/Information/4/Value/StringWithMarkup/2/String,string,SF≈100%; α<1.5%
/Record/Section/6/Section/1/Information/4/Value/StringWithMarkup/3/String,string,IT≈100%; SF<10%
/Record/Section/6/Section/1/Information/4/Value/StringWithMarkup/4/String,string,IT≈100%; SF<40%
/Record/Section/6/Section/1/Information/4/Value/StringWithMarkup/5/String,string,α=52.8±2.2%; SF=47.2±2.2%; β+<6%
/Record/Section/6/Section/1/Information/4/Value/StringWithMarkup/5/Markup/0/Start,number,28
/Record/Section/6/Section/1/Information/4/Value/StringWithMarkup/5/Markup/0/Length,number,1
/Record/Section/6/Section/1/Information/4/Value/StringWithMarkup/5/Markup/0/Type,string,Superscript
/Record/Section/6/Section/1/Information/4/Value/StringWithMarkup/6/String,string,IT=100%
/Record/Section/6/Section/1/Information/4/Value/StringWithMarkup/7/String,string,IT=100%
/Record/Section/6/Section/1/Information/4/Value/StringWithMarkup/8/String,string,IT=100%
/Record/Section/6/Section/1/Information/4/Value/StringWithMarkup/9/String,string,SF=99.69±1%; α=0.31±1%
/Record/Section/6/Section/1/Information/4/Value/StringWithMarkup/10/String,string,IT=100%; SF ?
/Record/Section/6/Section/1/Information/4/Value/StringWithMarkup/11/String,string,IT=100%; SF ?
/Record/Section/6/Section/1/Information/4/Value/StringWithMarkup/12/String,string,IT=100%; SF ?
/Record/Section/6/Section/1/Information/4/Value/StringWithMarkup/13/String,string,α=89.3±1.4%; β+=9.4±1.4%; SF=1.3±0.3%
/Record/Section/6/Section/1/Information/4/Value/StringWithMarkup/13/Markup/0/Start,number,14
/Record/Section/6/Section/1/Information/4/Value/StringWithMarkup/13/Markup/0/Length,number,1
/Record/Section/6/Section/1/Information/4/Value/StringWithMarkup/13/Markup/0/Type,string,Superscript
/Record/Section/6/Section/1/Information/4/Value/StringWithMarkup/14/String,string,α=88.5±1.5%; β+=11.5±1.5%; SF ?
/Record/Section/6/Section/1/Information/4/Value/StringWithMarkup/14/Markup/0/Start,number,14
/Record/Section/6/Section/1/Information/4/Value/StringWithMarkup/14/Markup/0/Length,number,1
/Record/Section/6/Section/1/Information/4/Value/StringWithMarkup/14/Markup/0/Type,string,Superscript
/Record/Section/6/Section/1/Information/4/Value/StringWithMarkup/15/String,string,IT=100%
/Record/Section/6/Section/1/Information/4/Value/StringWithMarkup/16/String,string,SF=95.1±1.6%; α=4.9±1.6%
/Record/Section/6/Section/1/Information/4/Value/StringWithMarkup/17/String,string,IT= ?; α ?; β+ ?
/Record/Section/6/Section/1/Information/4/Value/StringWithMarkup/17/Markup/0/Start,number,13
/Record/Section/6/Section/1/Information/4/Value/StringWithMarkup/17/Markup/0/Length,number,1
/Record/Section/6/Section/1/Information/4/Value/StringWithMarkup/17/Markup/0/Type,string,Superscript
/Record/Section/6/Section/1/Information/4/Value/StringWithMarkup/18/String,string,IT ?; SF ?
/Record/Section/6/Section/1/Information/4/Value/StringWithMarkup/19/String,string,α=85±0.4%; β+=15±0.4%; SF<3%
/Record/Section/6/Section/1/Information/4/Value/StringWithMarkup/19/Markup/0/Start,number,12
/Record/Section/6/Section/1/Information/4/Value/StringWithMarkup/19/Markup/0/Length,number,1
/Record/Section/6/Section/1/Information/4/Value/StringWithMarkup/19/Markup/0/Type,string,Superscript
/Record/Section/6/Section/1/Information/4/Value/StringWithMarkup/20/String,string,
/Record/Section/6/Section/1/Information/4/Value/StringWithMarkup/21/String,string,
/Record/Section/6/Section/1/Information/4/Value/StringWithMarkup/22/String,string,SF≈100%; α ?; β+ ?
/Record/Section/6/Section/1/Information/4/Value/StringWithMarkup/22/Markup/0/Start,number,15
/Record/Section/6/Section/1/Information/4/Value/StringWithMarkup/22/Markup/0/Length,number,1
/Record/Section/6/Section/1/Information/4/Value/StringWithMarkup/22/Markup/0/Type,string,Superscript
/Record/Section/6/Section/1/Information/4/Value/StringWithMarkup/23/String,string,SF=82±0.4%; α=18±0.4%
/Record/Section/6/Section/1/Information/4/Value/StringWithMarkup/24/String,string,α≈100%; β+ ?; SF ?
/Record/Section/6/Section/1/Information/4/Value/StringWithMarkup/24/Markup/0/Start,number,9
/Record/Section/6/Section/1/Information/4/Value/StringWithMarkup/24/Markup/0/Length,number,1
/Record/Section/6/Section/1/Information/4/Value/StringWithMarkup/24/Markup/0/Type,string,Superscript
/Record/Section/6/Section/1/Information/4/Value/StringWithMarkup/25/String,string,SF≈100%
/Record/Section/6/Section/1/Information/4/Value/StringWithMarkup/26/String,string,SF=100%
/Record/Section/6/Section/1/Information/4/Value/StringWithMarkup/27/String,string,SF≈100%; α ?
/Record/Section/6/Section/1/Information/4/Value/StringWithMarkup/28/String,string,α ?
/Record/Section/6/Section/1/Information/4/Value/StringWithMarkup/29/String,string,SF≈100%; α ?
/Record/Section/6/Section/1/Information/4/Value/StringWithMarkup/30/String,string,α ?; SF ?
/Record/Section/6/Section/1/Information/4/Value/StringWithMarkup/31/String,string,SF=100%
/Record/Section/6/Section/1/Information/4/Value/StringWithMarkup/32/String,string,α ?; SF ?
/Record/Reference/0/ReferenceNumber,number,1
/Record/Reference/0/SourceName,string,PubChem
/Record/Reference/0/SourceID,string,PubChem
/Record/Reference/0/Description,string,Data deposited in or computed by PubChem
/Record/Reference/0/URL,string,https://pubchem.ncbi.nlm.nih.gov
/Record/Reference/1/ReferenceNumber,number,2
/Record/Reference/1/SourceName,string,"Atomic Mass Data Center (AMDC), International Atomic Energy Agency (IAEA)"
/Record/Reference/1/SourceID,string,e104
/Record/Reference/1/Name,string,Rf
/Record/Reference/1/Description,string,The half-life and atomic mass data was provided by the Atomic Mass Data Center at the International Atomic Energy Agency.
/Record/Reference/1/URL,string,https://www-nds.iaea.org/amdc/
/Record/Reference/1/LicenseURL,string,https://www-nds.iaea.org/disclaimer.html
/Record/Reference/1/ANID,number,6590331
/Record/Reference/2/ReferenceNumber,number,3
/Record/Reference/2/SourceName,string,IUPAC Commission on Isotopic Abundances and Atomic Weights (CIAAW)
/Record/Reference/2/SourceID,string,a104
/Record/Reference/2/Name,string,Rutherfordium
/Record/Reference/2/Description,string,Element data are cited from the Atomic weights of the elements (an IUPAC Technical Report). The IUPAC periodic table of elements can be found at https://iupac.org/what-we-do/periodic-table-of-elements/. Additional information can be found within IUPAC publication doi:10.1515/pac-2015-0703 Copyright © 2020 International Union of Pure and Applied Chemistry.
/Record/Reference/2/URL,string,https://www.ciaaw.org/
/Record/Reference/2/LicenseURL,string,http://www.ciaaw.org/bylaws.htm
/Record/Reference/2/ANID,number,2292485
/Record/Reference/3/ReferenceNumber,number,4
/Record/Reference/3/SourceName,string,IUPAC Periodic Table of the Elements and Isotopes (IPTEI)
/Record/Reference/3/SourceID,string,p104
/Record/Reference/3/Description,string,"The information are cited from Pure Appl. Chem. 2018; 90(12): 1833-2092, https://doi.org/10.1515/pac-2015-0703."
/Record/Reference/3/URL,string,https://doi.org/10.1515/pac-2015-0703
/Record/Reference/3/LicenseNote,string,"Copyright (c) 2020 International Union of Pure and Applied Chemistry.

The International Union of Pure and Applied Chemistry (IUPAC) contribution within Pubchem is provided under a CC-BY-NC-ND 4.0 license, unless otherwise stated."
/Record/Reference/3/LicenseURL,string,https://creativecommons.org/licenses/by-nc-nd/4.0/
/Record/Reference/3/ANID,number,13296509
/Record/Reference/4/ReferenceNumber,number,6
/Record/Reference/4/SourceName,string,"Los Alamos National Laboratory, U.S. Department of Energy"
/Record/Reference/4/SourceID,string,lanl104
/Record/Reference/4/Name,string,Rutherfordium
/Record/Reference/4/Description,string,"The periodic table at the LANL (Los Alamos National Laboratory) contains basic element information together with the history, source, properties, use, handling and more. The provenance data may be found from the link under the source name."
/Record/Reference/4/URL,string,https://periodic.lanl.gov/104.shtml
/Record/Reference/4/ANID,number,507284
/Record/Reference/5/ReferenceNumber,number,5
/Record/Reference/5/SourceName,string,"Jefferson Lab, U.S. Department of Energy"
/Record/Reference/5/SourceID,string,jlab104
/Record/Reference/5/Name,string,Rutherfordium
/Record/Reference/5/Description,string,"Thomas Jefferson National Accelerator Facility (Jefferson Lab) is one of 17 national laboratories funded by the U.S. Department of Energy. The lab's primary mission is to conduct basic research of the atom's nucleus using the lab's unique particle accelerator, known as the Continuous Electron Beam Accelerator Facility (CEBAF). For more information visit https://www.jlab.org/"
/Record/Reference/5/URL,string,https://education.jlab.org/itselemental/ele104.html
/Record/Reference/5/LicenseNote,string,Please see citation and linking information: https://education.jlab.org/faq/index.html
/Record/Reference/5/LicenseURL,string,https://www.jlab.org/privacy-and-security-notice
/Record/Reference/5/ANID,number,507166
/Record/Reference/6/ReferenceNumber,number,7
/Record/Reference/6/SourceName,string,NIST Physical Measurement Laboratory
/Record/Reference/6/SourceID,string,e104
/Record/Reference/6/Name,string,Rutherfordium
/Record/Reference/6/Description,string,"The periodic table contains NIST's critically-evaluated data on atomic properties of the elements. The provenance data that include data for atomic spectroscopy, X-ray and gamma ray, radiation dosimetry, nuclear physics, and condensed matter physics may be found from the link under the source name. Ref: https://www.nist.gov/pml/atomic-spectra-database"
/Record/Reference/6/URL,string,https://physics.nist.gov/cgi-bin/Elements/elInfo.pl?element=104
/Record/Reference/6/LicenseURL,string,https://www.nist.gov/pml/database-disclaimer
/Record/Reference/6/ANID,number,2292721
/Record/Reference/7/ReferenceNumber,number,8
/Record/Reference/7/SourceName,string,PubChem Elements
/Record/Reference/7/SourceID,string,ef_104
/Record/Reference/7/Name,string,Rutherfordium
/Record/Reference/7/Description,string,This section provides all form of data related to element Rutherfordium.
/Record/Reference/7/LicenseURL,string,https://www.nlm.nih.gov/copyright.html
/Record/Reference/7/ANID,number,24834032
