AtomicNumber,Symbol,EnglishName,PersianName,AtomicMass,GroupNumber,PeriodNumber,ElectronConfiguration,ValenceElectrons,StandardState,Block,ElementType,AtomicRadius,Electronegativity
1,H,Hydrogen,هیدروژن,1.00794,1,1,1s1,1,Gas,s,Non-metal,25,2.2
2,He,Helium,هلیوم,4.002602,18 - Noble Gas,1,1s2 ,8,Gas,p,Non-metal,28 pm (Covalent),
3,Li,Lithium,لیتیم,6.941,1 - Alkali Metal,2,[He]2s1 ,1,Solid,s,Metal,145,0.98
4,Be,Beryllium,بریلیم,9.0121831,2 - Alkaline Earth Metal,2,[He]2s2 ,2,Solid,s,Metal,105,1.57
5,B,Boron,بور,10.811,13,2,[He]2s22p1,3,Solid,p,Semi-metal,85,2.04
6,C,Carbon,کربن,12.0107,14,2,[He]2s22p2,4,Solid,p,Non-metal,70,2.55
7,N,Nitrogen,نیتروژن,14.00674,15 - Pnictogen,2,,5,Gas,p,Non-metal,65,3.04
8,O,Oxygen,اکسیژن,15.9994,16 - Chalcogen,2,[He]2s22p4 ,6,Gas,p,Non-metal,60,3.44
9,F,Fluorine,فلوئور,18.998403163,17 - Halogen,2,[He]2s22p5,7,Gas,p,Non-metal,50,3.98
10,Ne,Neon,نئون,20.1797,18 - Noble Gas,2,[He]2s22p6,8,Gas,p,Non-metal,58 pm (Covalent),
11,Na,Sodium,سدیم,22.98976928,1 - Alkali Metal,3,[Ne]3s1,1,Solid,s,Metal,180,0.93
12,Mg,Magnesium,منیزیم,24.305,2 - Alkaline Earth Metal,3,[Ne]3s2,2,Solid,s,Metal,150,1.31
13,Al,Aluminum,آلومینیوم,26.9815385,13,3,[Ne]3s23p1,3,Solid,p,Metal,125,1.61
14,Si,Silicon,سیلیسیم,28.0855,14,3,[Ne]3s23p2,4,Solid,p,Semi-metal,110,1.9
15,P,Phosphorus,فسفر,30.973761998,15 - Pnictogen,3,[Ne]3s23p3,5,Solid,p,Non-metal,100,2.19
16,S,Sulfur,گوگرد,32.066,16 - Chalcogen,3,[Ne]3s23p4,6,Solid,p,Non-metal,100,2.58
17,Cl,Chlorine,کلر,35.4527,17 - Halogen,3,[Ne]3s23p5,7,Gas,p,Non-metal,100,3.16
18,Ar,Argon,آرگون,39.948,18 - Noble Gas,3,[Ne]3s23p6,8,Gas,p,Non-metal,106(10) pm (Covalent),
19,K,Potassium,پتاسیم,39.0983,1 - Alkali Metal,4,[Ar]4s1,1,Solid,s,Metal,220,0.82
20,Ca,Calcium,کلسیم,40.078,2 - Alkaline Earth Metal,4,[Ar]4s2,2,Solid,s,Metal,180,1
21,Sc,Scandium,اسکاندیم,44.955908,3,4,[Ar]4s23d1,,Solid,d,Metal,160,1.36
22,Ti,Titanium,تیتانیم,47.867,4,4,[Ar]4s23d2,,Solid,d,Metal,140,1.54
23,V,Vanadium,وانادیم,50.9415,5,4,[Ar]4s23d3,,Solid,d,Metal,135,1.63
24,Cr,Chromium,کروم,51.9961,6,4,[Ar]3d54s1,,Solid,d,Metal,140,1.66
25,Mn,Manganese,منگنز,54.938044,7,4,[Ar]4s23d5,,Solid,d,Metal,140,1.55
26,Fe,Iron,آهن,55.845,8,4,[Ar]4s23d6,,Solid,d,Metal,140,1.83
27,Co,Cobalt,کبالت,58.933194,9,4,[Ar]4s23d7,,Solid,d,Metal,135,1.88
28,Ni,Nickel,نیکل,58.6934,10,4,[Ar]4s23d8,,Solid,d,Metal,135,1.91
29,Cu,Copper,مس,63.546,11,4,[Ar]4s13d10,,Solid,d,Metal,135,1.9
30,Zn,Zinc,روی,65.38,12,4,[Ar]4s23d10,,Solid,d,Metal,135,1.65
31,Ga,Gallium,گالیم,69.723,13,4,[Ar]4s23d104p1,3,Solid,p,Metal,130,1.81
32,Ge,Germanium,ژرمانیم,72.630,14,4,[Ar]4s23d104p2,4,Solid,p,Semi-metal,125,2.01
33,As,Arsenic,آرسنیک,74.921595,15 - Pnictogen,4,[Ar]4s23d104p3,5,Solid,p,Semi-metal,115,2.18
34,Se,Selenium,سلنیوم,78.971,16 - Chalcogen,4,[Ar]4s23d104p4,6,Solid,p,Non-metal,115,2.55
35,Br,Bromine,برم,79.904,17 - Halogen,4,[Ar]4s23d104p5,7,Liquid,p,Non-metal,115,2.96
36,Kr,Krypton,کریپتون,83.798,18 - Noble Gas,4,[Ar]4s23d104p6,8,Gas,p,Non-metal,116(4) pm (Covalent),3
37,Rb,Rubidium,روبیدیم,85.4678,1 - Alkali Metal,5,[Kr]5s1,1,Solid,s,Metal,235,0.82
38,Sr,Strontium,استرانسیم,87.62,2 - Alkaline Earth Metal,5,[Kr]5s2,2,Solid,s,Metal,200,0.95
39,Y,Yttrium,ایتریم,88.90584,3,5,[Kr]5s24d1,,Solid,d,Metal,180,1.22
40,Zr,Zirconium,زیرکونیم,91.224,4,5,[Kr]5s24d2,,Solid,d,Metal,155,1.33
41,Nb,Niobium,نیوبیم,92.90637,5,5,[Kr]5s14d4,,Solid,d,Metal,145,1.6
42,Mo,Molybdenum,مولیبدن,95.95,6,5,[Kr]5s14d5,,Solid,d,Metal,145,2.16
43,Tc,Technetium,تکنسیم,98,7,5,[Kr]5s24d5,,Solid,d,Metal,135,1.9
44,Ru,Ruthenium,روتنیم,101.07,8,5,[Kr]5s14d7,,Solid,d,Metal,130,2.2
45,Rh,Rhodium,رودیم,102.90550,9,5,[Kr]5s14d8,,Solid,d,Metal,135,2.28
46,Pd,Palladium,پالادیم,106.42,10,5,[Kr]4d10,,Solid,d,Metal,140,2.2
47,Ag,Silver,نقره,107.8682,11,5,[Kr]5s14d10,,Solid,d,Metal,160,1.93
48,Cd,Cadmium,کادمیم,112.414,12,5,[Kr]5s24d10,,Solid,d,Metal,155,1.69
49,In,Indium,ایندیم,114.818,13,5,[Kr]5s24d105p1,3,Solid,p,Metal,155,1.78
50,Sn,Tin,قلع,118.710,14,5,[Kr]5s24d105p2,4,Solid,p,Metal,145,1.96
51,Sb,Antimony,آنتیموان,121.760,15 - Pnictogen,5,[Kr]5s24d105p3,5,Solid,p,Semi-metal,145,2.05
52,Te,Tellurium,تلوریم,127.60,16 - Chalcogen,5,[Kr]5s24d105p4,6,Solid,p,Semi-metal,140,2.1
53,I,Iodine,ید,126.90447,17 - Halogen,5,[Kr]5s24d105p5,7,Solid,p,Non-metal,140,2.66
54,Xe,Xenon,زنون,131.293,18 - Noble Gas,5,[Kr]5s24d105p6,8,Gas,p,Non-metal,140(9) pm (Covalent),2.6
55,Cs,Cesium,سزیم,132.90545196,1 - Alkali Metal,6,[Xe]6s1,1,Solid,s,Metal,260,0.79
56,Ba,Barium,باریم,137.327,2 - Alkaline Earth Metal,6,[Xe]6s2,2,Solid,s,Metal,215,0.89
57,La,Lanthanum,لانتان,138.90547,- Lanthanide,6,[Xe]6s25d1,,Solid,f,Metal,195,1.1
58,Ce,Cerium,سریم,140.116,- Lanthanide,6,[Xe]6s24f15d1,,Solid,f,Metal,185,1.12
59,Pr,Praseodymium,پراسئودیمیم,140.90766,- Lanthanide,6,[Xe]6s24f3,,Solid,f,Metal,185,1.13
60,Nd,Neodymium,نئودیمیم,144.242,- Lanthanide,6,[Xe]6s24f4,,Solid,f,Metal,185,1.14
61,Pm,Promethium,پرومتیم,145,- Lanthanide,6,[Xe]6s24f5,,Solid,f,Metal,185,
62,Sm,Samarium,ساماریم,150.36,- Lanthanide,6,[Xe]6s24f6 ,,Solid,f,Metal,185,1.17
63,Eu,Europium,یوروپیم,151.964,- Lanthanide,6,[Xe]6s24f7 ,,Solid,f,Metal,185,
64,Gd,Gadolinium,گادولینیم,157.25,- Lanthanide,6,[Xe]6s24f75d1,,Solid,f,Metal,180,1.2
65,Tb,Terbium,تربیم,158.92535,- Lanthanide,6,[Xe]6s24f9,,Solid,f,Metal,175,
66,Dy,Dysprosium,دیسپروزیم,162.500,- Lanthanide,6,[Xe]6s24f10,,Solid,f,Metal,175,1.22
67,Ho,Holmium,هولمیم,164.93033,- Lanthanide,6,[Xe]6s24f11,,Solid,f,Metal,175,1.23
68,Er,Erbium,اربیم,167.259,- Lanthanide,6,[Xe]6s24f12,,Solid,f,Metal,175,1.24
69,Tm,Thulium,تولیم,168.93422,- Lanthanide,6,[Xe]6s24f13,,Solid,f,Metal,175,1.25
70,Yb,Ytterbium,ایتربیم,173.045,- Lanthanide,6,[Xe]6s24f14,,Solid,f,Metal,175,
71,Lu,Lutetium,لوتتیم,174.9668,3 - Lanthanide,6,[Xe]6s24f145d1,,Solid,f,Metal,175,1.27
72,Hf,Hafnium,هافنیوم,178.49,4,6,[Xe]6s24f145d2,,Solid,d,Metal,155,1.3
73,Ta,Tantalum,تانتال,180.94788,5,6,[Xe]6s24f145d3,,Solid,d,Metal,145,1.5
74,W,Tungsten,تنگستن,183.84,6,6,[Xe]6s24f145d4,,Solid,d,Metal,135,2.36
75,Re,Rhenium,رنیوم,186.207,7,6,[Xe]6s24f145d5,,Solid,d,Metal,135,1.9
76,Os,Osmium,اسمیم,190.23,8,6,[Xe]6s24f145d6,,Solid,d,Metal,130,2.2
77,Ir,Iridium,ایریدیم,192.217,9,6,[Xe]6s24f145d7,,Solid,d,Metal,135,2.2
78,Pt,Platinum,پلاتین,195.084,10,6,[Xe]6s14f145d9,,Solid,d,Metal,135,2.28
79,Au,Gold,طلا,196.966569,11,6,[Xe]6s14f145d10,,Solid,d,Metal,135,2.54
80,Hg,Mercury,جیوه,200.592,12,6,[Xe]6s24f145d10,,Liquid,d,Metal,150,2
81,Tl,Thallium,تالیم,204.3833,13,6,[Xe]6s24f145d106p1,3,Solid,p,Metal,190,1.62
82,Pb,Lead,سرب,207.2,14,6,[Xe]6s24f145d106p2,4,Solid,p,Metal,180,2.33
83,Bi,Bismuth,بیسموت,208.98040,15 - Pnictogen,6,[Xe]6s24f145d106p3,5,Solid,p,Metal,160,2.02
84,Po,Polonium,پولونیم,209,16 - Chalcogen,6,[Xe]6s24f145d106p4,6,Solid,p,Metal,190,2
85,At,Astatine,آستاتین,210,17 - Halogen,6,[Xe]6s24f145d106p5,7,Solid,p,Semi-metal,150 pm (Covalent),2.2
86,Rn,Radon,رادون,222,18 - Noble Gas,6,[Xe]6s24f145d106p6,8,Gas,p,Non-metal,150 pm (Covalent),
87,Fr,Francium,فرانسیم,223,1 - Alkali Metal,7,[Rn]7s1,1,Solid,s,Metal,260 pm (Covalent),
88,Ra,Radium,رادیم,226,2 - Alkaline Earth Metal,7,[Rn]7s2,2,Solid,s,Metal,215,0.9
89,Ac,Actinium,اکتینیم,227,- Actinide,7,[Rn]7s26d1,,Solid,f,Metal,195,1.1
90,Th,Thorium,توریم,232.0377,- Actinide,7,[Rn]7s26d2,,Solid,f,Metal,180,1.3
91,Pa,Protactinium,پروتاکتینیم,231.03588,- Actinide,7,[Rn]7s25f26d1,,Solid,f,Metal,180,1.5
92,U,Uranium,اورانیوم,238.02891,- Actinide,7,[Rn]7s25f36d1,,Solid,f,Metal,175,1.38
93,Np,Neptunium,نپتونیم,237,- Actinide,7,[Rn]7s25f46d1,,Solid,f,Metal,175,1.36
94,Pu,Plutonium,پلوتونیم,244,- Actinide,7,[Rn]7s25f6,,Solid,f,Metal,175,1.28
95,Am,Americium,آمریسیم,243,- Actinide,7,[Rn]7s25f7,,Solid,f,Metal,175,1.3
96,Cm,Curium,کوریوم,247,- Actinide,7,[Rn]7s25f76d1,,Solid,f,Metal,169(3) pm (Covalent),1.3
97,Bk,Berkelium,برکلیم,247,- Actinide,7,[Rn]7s25f9,,Solid,f,Metal,244 pm (Van der Waals),1.3
98,Cf,Californium,کالیفرنیم,251,- Actinide,7,[Rn]7s25f10,,Solid,f,Metal,245 pm (Van der Waals),1.3
99,Es,Einsteinium,اینشتینیم,252,- Actinide,7,[Rn]7s25f11,,Solid,f,Metal,245 pm (Van der Waals),1.3
100,Fm,Fermium,فرمیم,257,- Actinide,7,[Rn] 5f12 7s2,,Solid,f,Metal,,1.3
101,Md,Mendelevium,مندلیفیم,258,- Actinide,7,[Rn]7s25f13,,Solid,f,Metal,,1.3
102,No,Nobelium,نوبلیم,259,- Actinide,7,[Rn]7s25f14,,Solid,f,Metal,,1.3
103,Lr,Lawrencium,لورنسیم,262,3 - Actinide,7,[Rn]7s25f146d1,,Solid,f,Metal,,
104,Rf,Rutherfordium,رادرفوردیم,263,4,7,[Rn]7s25f146d2,,Solid,d,Metal,empirical: 150 pm (estimated),
105,Db,Dubnium,دوبنیم,268,5,7,[Rn]7s25f146d3,,Solid,d,Metal,empirical: 139 pm (estimated),
106,Sg,Seaborgium,سیبورگیم,271,6,7,[Rn]7s25f146d4,,Solid,d,Metal,empirical: 132 pm (predicted),
107,Bh,Bohrium,بوریم,270,7,7,[Rn]7s25f146d5,,Solid,d,Metal,empirical: 128 pm (predicted),
108,Hs,Hassium,هاسیم,270,8,7,[Rn]7s25f146d6,,Solid,d,Metal,empirical: 126 pm (estimated),
109,Mt,Meitnerium,مایتنریم,278,9,7,[Rn]7s25f146d7(calculated),,Solid,d,Metal,empirical: 128 pm (predicted),
110,Ds,Darmstadtium,دارمشتاتیم,281,10,7,[Rn]7s25f146d8(predicted),,Expected to be a Solid,d,Metal,empirical: 132 pm (predicted),
111,Rg,Roentgenium,رونتگنیم,281,11,7,[Rn] 7s2 5f14 6d9(predicted),,Expected to be a Solid,d,Metal,empirical: 138 pm (predicted),
112,Cn,Copernicium,کوپرنیسیم,285,12,7,[Rn] 7s2 5f14 6d10(predicted),,Expected to be a Solid,d,Metal,empirical: 147 pm (predicted),
113,Nh,Nihonium,نیهونیم,286,13,7,[Rn] 5f14 6d10 7s2 7p1(predicted),3,Expected to be a Solid,p,Metal,empirical: 170 pm (predicted),
114,Fl,Flerovium,فلروویم,289,14,7,[Rn] 7s27p2 5f14 6d10(predicted),4,Expected to be a Solid,p,Metal,empirical: 180 pm (predicted),
115,Mc,Moscovium,مسکوویم,289,15 - Pnictogen,7,[Rn] 7s2 7p3 5f14 6d10(predicted),5,Expected to be a Solid,p,Metal,empirical: 187 pm (predicted),
116,Lv,Livermorium,لیورموریم,293,16 - Chalcogen,7,[Rn] 7s2 7p4 5f14 6d10(predicted),6,Expected to be a Solid,p,Metal,empirical: 183 pm (predicted),
117,Ts,Tennessine,تنسین,294,17 - Halogen,7,[Rn] 7s2 7p5 5f14 6d10(predicted),7,Expected to be a Solid,p,,empirical: 138 pm (predicted),
118,Og,Oganesson,اوگانسون,294,18 - Noble Gas,7,[Rn] 7s2 7p6 5f14 6d10(predicted),8,Expected to be a Gas,p,Non-metal,,
