level,atomic_number,symbol,name,atomic_mass,group_block,standard_state,electron_configuration,oxidation_states,electronegativity,atomic_radius_pm,ionization_energy_eV,electron_affinity_eV,melting_point_K,boiling_point_K,density_g_cm3,year_discovered,data_status
advanced,1,H,Hydrogen,1.0080,Nonmetal,Gas,1s1,"+1, -1",2.2,120,13.598,0.754,13.81,20.28,0.00008988,1766,
advanced,2,He,Helium,4.00260,Noble gas,Gas,1s2,0,,140,24.587,,0.95,4.22,0.0001785,1868,
advanced,3,Li,Lithium,7.0,Alkali metal,Solid,[He]2s1,+1,0.98,182,5.392,0.618,453.65,1615,0.534,1817,
advanced,4,Be,Beryllium,9.012183,Alkaline earth metal,Solid,[He]2s2,+2,1.57,153,9.323,,1560,2744,1.85,1798,
advanced,5,B,Boron,10.81,Metalloid,Solid,[He]2s2 2p1,+3,2.04,192,8.298,0.277,2348,4273,2.37,1808,
advanced,6,C,Carbon,12.011,Nonmetal,Solid,[He]2s2 2p2,"+4, +2, -4",2.55,170,11.260,1.263,3823,4098,2.2670,Ancient,
advanced,7,N,Nitrogen,14.007,Nonmetal,Gas,[He] 2s2 2p3,"+5, +4, +3, +2, +1, -1, -2, -3",3.04,155,14.534,,63.15,77.36,0.0012506,1772,
advanced,8,O,Oxygen,15.999,Nonmetal,Gas,[He]2s2 2p4,-2,3.44,152,13.618,1.461,54.36,90.2,0.001429,1774,
advanced,9,F,Fluorine,18.99840316,Halogen,Gas,[He]2s2 2p5,-1,3.98,135,17.423,3.339,53.53,85.03,0.001696,1670,
advanced,10,Ne,Neon,20.180,Noble gas,Gas,[He]2s2 2p6,0,,154,21.565,,24.56,27.07,0.0008999,1898,
advanced,11,Na,Sodium,22.9897693,Alkali metal,Solid,[Ne]3s1,+1,0.93,227,5.139,0.548,370.95,1156,0.97,1807,
advanced,12,Mg,Magnesium,24.305,Alkaline earth metal,Solid,[Ne]3s2,+2,1.31,173,7.646,,923,1363,1.74,1808,
advanced,13,Al,Aluminum,26.981538,Post-transition metal,Solid,[Ne]3s2 3p1,+3,1.61,184,5.986,0.441,933.437,2792,2.70,Ancient,
advanced,14,Si,Silicon,28.085,Metalloid,Solid,[Ne]3s2 3p2,"+4, +2, -4",1.9,210,8.152,1.385,1687,3538,2.3296,1854,
advanced,15,P,Phosphorus,30.97376200,Nonmetal,Solid,[Ne]3s2 3p3,"+5, +3, -3",2.19,180,10.487,0.746,317.3,553.65,1.82,1669,
advanced,16,S,Sulfur,32.07,Nonmetal,Solid,[Ne]3s2 3p4,"+6, +4, -2",2.58,180,10.360,2.077,388.36,717.75,2.067,Ancient,
advanced,17,Cl,Chlorine,35.45,Halogen,Gas,[Ne]3s2 3p5,"+7, +5, +1, -1",3.16,175,12.968,3.617,171.65,239.11,0.003214,1774,
advanced,18,Ar,Argon,39.9,Noble gas,Gas,[Ne]3s2 3p6,0,,188,15.760,,83.8,87.3,0.0017837,1894,
advanced,19,K,Potassium,39.0983,Alkali metal,Solid,[Ar]4s1,+1,0.82,275,4.341,0.501,336.53,1032,0.89,1807,
advanced,20,Ca,Calcium,40.08,Alkaline earth metal,Solid,[Ar]4s2,+2,1,231,6.113,,1115,1757,1.54,Ancient,
advanced,21,Sc,Scandium,44.95591,Transition metal,Solid,[Ar]4s2 3d1,+3,1.36,211,6.561,0.188,1814,3109,2.99,1879,
advanced,22,Ti,Titanium,47.867,Transition metal,Solid,[Ar]4s2 3d2,"+4, +3, +2",1.54,187,6.828,0.079,1941,3560,4.5,1791,
advanced,23,V,Vanadium,50.9415,Transition metal,Solid,[Ar]4s2 3d3,"+5, +4, +3, +2",1.63,179,6.746,0.525,2183,3680,6.0,1801,
advanced,24,Cr,Chromium,51.996,Transition metal,Solid,[Ar]3d5 4s1,"+6, +3, +2",1.66,189,6.767,0.666,2180,2944,7.15,1797,
advanced,25,Mn,Manganese,54.93804,Transition metal,Solid,[Ar]4s2 3d5,"+7, +4, +3, +2",1.55,197,7.434,,1519,2334,7.3,1774,
advanced,26,Fe,Iron,55.84,Transition metal,Solid,[Ar]4s2 3d6,"+3, +2",1.83,194,7.902,0.163,1811,3134,7.874,Ancient,
advanced,27,Co,Cobalt,58.93319,Transition metal,Solid,[Ar]4s2 3d7,"+3, +2",1.88,192,7.881,0.661,1768,3200,8.86,1735,
advanced,28,Ni,Nickel,58.693,Transition metal,Solid,[Ar]4s2 3d8,"+3, +2",1.91,163,7.640,1.156,1728,3186,8.912,1751,
advanced,29,Cu,Copper,63.55,Transition metal,Solid,[Ar]4s1 3d10,"+2, +1",1.9,140,7.726,1.228,1357.77,2835,8.933,Ancient,
advanced,30,Zn,Zinc,65.4,Transition metal,Solid,[Ar]4s2 3d10,+2,1.65,139,9.394,,692.68,1180,7.134,1746,
advanced,31,Ga,Gallium,69.723,Post-transition metal,Solid,[Ar]4s2 3d10 4p1,+3,1.81,187,5.999,0.3,302.91,2477,5.91,1875,
advanced,32,Ge,Germanium,72.63,Metalloid,Solid,[Ar]4s2 3d10 4p2,"+4, +2",2.01,211,7.900,1.35,1211.4,3106,5.323,1886,
advanced,33,As,Arsenic,74.92159,Metalloid,Solid,[Ar]4s2 3d10 4p3,"+5, +3, -3",2.18,185,9.815,0.81,1090,887,5.776,Ancient,
advanced,34,Se,Selenium,78.97,Nonmetal,Solid,[Ar]4s2 3d10 4p4,"+6, +4, -2",2.55,190,9.752,2.021,493.65,958,4.809,1817,
advanced,35,Br,Bromine,79.90,Halogen,Liquid,[Ar]4s2 3d10 4p5,"+5, +1, -1",2.96,183,11.814,3.365,265.95,331.95,3.11,1826,
advanced,36,Kr,Krypton,83.80,Noble gas,Gas,[Ar]4s2 3d10 4p6,0,3,202,14.000,,115.79,119.93,0.003733,1898,
advanced,37,Rb,Rubidium,85.468,Alkali metal,Solid,[Kr]5s1,+1,0.82,303,4.177,0.468,312.46,961,1.53,1861,
advanced,38,Sr,Strontium,87.62,Alkaline earth metal,Solid,[Kr]5s2,+2,0.95,249,5.695,,1050,1655,2.64,1790,
advanced,39,Y,Yttrium,88.90584,Transition metal,Solid,[Kr]5s2 4d1,+3,1.22,219,6.217,0.307,1795,3618,4.47,1794,
advanced,40,Zr,Zirconium,91.22,Transition metal,Solid,[Kr]5s2 4d2,+4,1.33,186,6.634,0.426,2128,4682,6.52,1789,
advanced,41,Nb,Niobium,92.90637,Transition metal,Solid,[Kr]5s1 4d4,"+5, +3",1.6,207,6.759,0.893,2750,5017,8.57,1801,
advanced,42,Mo,Molybdenum,95.95,Transition metal,Solid,[Kr]5s1 4d5,+6,2.16,209,7.092,0.746,2896,4912,10.2,1778,
advanced,43,Tc,Technetium,96.90636,Transition metal,Solid,[Kr]5s2 4d5,"+7, +6, +4",1.9,209,7.28,0.55,2430,4538,11,1937,
advanced,44,Ru,Ruthenium,101.1,Transition metal,Solid,[Kr]5s1 4d7,+3,2.2,207,7.361,1.05,2607,4423,12.1,1827,
advanced,45,Rh,Rhodium,102.9055,Transition metal,Solid,[Kr]5s1 4d8,+3,2.28,195,7.459,1.137,2237,3968,12.4,1803,
advanced,46,Pd,Palladium,106.42,Transition metal,Solid,[Kr]4d10,"+3, +2",2.2,202,8.337,0.557,1828.05,3236,12.0,1803,
advanced,47,Ag,Silver,107.868,Transition metal,Solid,[Kr]5s1 4d10,+1,1.93,172,7.576,1.302,1234.93,2435,10.501,Ancient,
advanced,48,Cd,Cadmium,112.41,Transition metal,Solid,[Kr]5s2 4d10,+2,1.69,158,8.994,,594.22,1040,8.69,1817,
advanced,49,In,Indium,114.818,Post-transition metal,Solid,[Kr]5s2 4d10 5p1,+3,1.78,193,5.786,0.3,429.75,2345,7.31,1863,
advanced,50,Sn,Tin,118.71,Post-transition metal,Solid,[Kr]5s2 4d10 5p2,"+4, +2",1.96,217,7.344,1.2,505.08,2875,7.287,Ancient,
advanced,51,Sb,Antimony,121.760,Metalloid,Solid,[Kr]5s2 4d10 5p3,"+5, +3, -3",2.05,206,8.64,1.07,903.78,1860,6.685,Ancient,
advanced,52,Te,Tellurium,127.6,Metalloid,Solid,[Kr]5s2 4d10 5p4,"+6, +4, -2",2.1,206,9.010,1.971,722.66,1261,6.232,1782,
advanced,53,I,Iodine,126.9045,Halogen,Solid,[Kr]5s2 4d10 5p5,"+7, +5, +1, -1",2.66,198,10.451,3.059,386.85,457.55,4.93,1811,
advanced,54,Xe,Xenon,131.29,Noble gas,Gas,[Kr]5s2 4d10 5p6,0,2.6,216,12.130,,161.36,165.03,0.005887,1898,
advanced,55,Cs,Cesium,132.9054520,Alkali metal,Solid,[Xe]6s1,+1,0.79,343,3.894,0.472,301.59,944,1.93,1860,
advanced,56,Ba,Barium,137.33,Alkaline earth metal,Solid,[Xe]6s2,+2,0.89,268,5.212,,1000,2170,3.62,1808,
advanced,57,La,Lanthanum,138.9055,Lanthanide,Solid,[Xe]6s2 5d1,+3,1.1,240,5.577,0.5,1191,3737,6.15,1839,
advanced,58,Ce,Cerium,140.116,Lanthanide,Solid,[Xe]6s2 4f1 5d1,"+4, +3",1.12,235,5.539,0.5,1071,3697,6.770,1803,
advanced,59,Pr,Praseodymium,140.90766,Lanthanide,Solid,[Xe]6s2 4f3,+3,1.13,239,5.464,,1204,3793,6.77,1885,
advanced,60,Nd,Neodymium,144.24,Lanthanide,Solid,[Xe]6s2 4f4,+3,1.14,229,5.525,,1294,3347,7.01,1885,
advanced,61,Pm,Promethium,144.91276,Lanthanide,Solid,[Xe]6s2 4f5,+3,,236,5.55,,1315,3273,7.26,1945,
advanced,62,Sm,Samarium,150.4,Lanthanide,Solid,[Xe]6s2 4f6,"+3, +2",1.17,229,5.644,,1347,2067,7.52,1879,
advanced,63,Eu,Europium,151.964,Lanthanide,Solid,[Xe]6s2 4f7,"+3, +2",,233,5.670,,1095,1802,5.24,1901,
advanced,64,Gd,Gadolinium,157.25,Lanthanide,Solid,[Xe]6s2 4f7 5d1,+3,1.2,237,6.150,,1586,3546,7.90,1880,
advanced,65,Tb,Terbium,158.92535,Lanthanide,Solid,[Xe]6s2 4f9,+3,,221,5.864,,1629,3503,8.23,1843,
advanced,66,Dy,Dysprosium,162.500,Lanthanide,Solid,[Xe]6s2 4f10,+3,1.22,229,5.939,,1685,2840,8.55,1886,
advanced,67,Ho,Holmium,164.93033,Lanthanide,Solid,[Xe]6s2 4f11,+3,1.23,216,6.022,,1747,2973,8.80,1878,
advanced,68,Er,Erbium,167.26,Lanthanide,Solid,[Xe]6s2 4f12,+3,1.24,235,6.108,,1802,3141,9.07,1843,
advanced,69,Tm,Thulium,168.93422,Lanthanide,Solid,[Xe]6s2 4f13,+3,1.25,227,6.184,,1818,2223,9.32,1879,
advanced,70,Yb,Ytterbium,173.05,Lanthanide,Solid,[Xe]6s2 4f14,"+3, +2",,242,6.254,,1092,1469,6.90,1878,
advanced,71,Lu,Lutetium,174.9667,Lanthanide,Solid,[Xe]6s2 4f14 5d1,+3,1.27,221,5.426,,1936,3675,9.84,1907,
advanced,72,Hf,Hafnium,178.49,Transition metal,Solid,[Xe]6s2 4f14 5d2,+4,1.3,212,6.825,,2506,4876,13.3,1923,
advanced,73,Ta,Tantalum,180.9479,Transition metal,Solid,[Xe]6s2 4f14 5d3,+5,1.5,217,7.89,0.322,3290,5731,16.4,1802,
advanced,74,W,Tungsten,183.84,Transition metal,Solid,[Xe]6s2 4f14 5d4,+6,2.36,210,7.98,0.815,3695,5828,19.3,1783,
advanced,75,Re,Rhenium,186.207,Transition metal,Solid,[Xe]6s2 4f14 5d5,"+7, +6, +4",1.9,217,7.88,0.15,3459,5869,20.8,1925,
advanced,76,Os,Osmium,190.2,Transition metal,Solid,[Xe]6s2 4f14 5d6,"+4, +3",2.2,216,8.7,1.1,3306,5285,22.57,1803,
advanced,77,Ir,Iridium,192.22,Transition metal,Solid,[Xe]6s2 4f14 5d7,"+4, +3",2.2,202,9.1,1.565,2719,4701,22.42,1803,
advanced,78,Pt,Platinum,195.08,Transition metal,Solid,[Xe]6s1 4f14 5d9,"+4, +2",2.28,209,9,2.128,2041.55,4098,21.46,1735,
advanced,79,Au,Gold,196.96657,Transition metal,Solid,[Xe]6s1 4f14 5d10,"+3, +1",2.54,166,9.226,2.309,1337.33,3129,19.282,Ancient,
advanced,80,Hg,Mercury,200.59,Transition metal,Liquid,[Xe]6s2 4f14 5d10,"+2, +1",2,209,10.438,,234.32,629.88,13.5336,Ancient,
advanced,81,Tl,Thallium,204.383,Post-transition metal,Solid,[Xe]6s2 4f14 5d10 6p1,"+3, +1",1.62,196,6.108,0.2,577,1746,11.8,1861,
advanced,82,Pb,Lead,207,Post-transition metal,Solid,[Xe]6s2 4f14 5d10 6p2,"+4, +2",2.33,202,7.417,0.36,600.61,2022,11.342,Ancient,
advanced,83,Bi,Bismuth,208.98040,Post-transition metal,Solid,[Xe]6s2 4f14 5d10 6p3,"+5, +3",2.02,207,7.289,0.946,544.55,1837,9.807,1753,
advanced,84,Po,Polonium,208.98243,Metalloid,Solid,[Xe]6s2 4f14 5d10 6p4,"+4, +2",2,197,8.417,1.9,527,1235,9.32,1898,
advanced,85,At,Astatine,209.98715,Halogen,Solid,[Xe]6s2 4f14 5d10 6p5,"7, 5, 3, 1, -1",2.2,202,9.5,2.8,575,,7,1940,
advanced,86,Rn,Radon,222.01758,Noble gas,Gas,[Xe]6s2 4f14 5d10 6p6,0,,220,10.745,,202,211.45,0.00973,1900,
advanced,87,Fr,Francium,223.01973,Alkali metal,Solid,[Rn]7s1,+1,0.7,348,3.9,0.47,300,,,1939,
advanced,88,Ra,Radium,226.02541,Alkaline earth metal,Solid,[Rn]7s2,+2,0.9,283,5.279,,973,1413,5,1898,
advanced,89,Ac,Actinium,227.02775,Actinide,Solid,[Rn]7s2 6d1,+3,1.1,260,5.17,,1324,3471,10.07,1899,
advanced,90,Th,Thorium,232.038,Actinide,Solid,[Rn]7s2 6d2,+4,1.3,237,6.08,,2023,5061,11.72,1828,
advanced,91,Pa,Protactinium,231.03588,Actinide,Solid,[Rn]7s2 5f2 6d1,"+5, +4",1.5,243,5.89,,1845,,15.37,1913,
advanced,92,U,Uranium,238.0289,Actinide,Solid,[Rn]7s2 5f3 6d1,"+6, +5, +4, +3",1.38,240,6.194,,1408,4404,18.95,1789,
advanced,93,Np,Neptunium,237.048172,Actinide,Solid,[Rn]7s2 5f4 6d1,"+6, +5, +4, +3",1.36,221,6.266,,917,4175,20.25,1940,
advanced,94,Pu,Plutonium,244.06420,Actinide,Solid,[Rn]7s2 5f6,"+6, +5, +4, +3",1.28,243,6.06,,913,3501,19.84,1940,
advanced,95,Am,Americium,243.061380,Actinide,Solid,[Rn]7s2 5f7,"+6, +5, +4, +3",1.3,244,5.993,,1449,2284,13.69,1944,
advanced,96,Cm,Curium,247.07035,Actinide,Solid,[Rn]7s2 5f7 6d1,+3,1.3,245,6.02,,1618,3400,13.51,1944,
advanced,97,Bk,Berkelium,247.07031,Actinide,Solid,[Rn]7s2 5f9,"+4, +3",1.3,244,6.23,,1323,,14,1949,
advanced,98,Cf,Californium,251.07959,Actinide,Solid,[Rn]7s2 5f10,+3,1.3,245,6.30,,1173,,,1950,
advanced,99,Es,Einsteinium,252.0830,Actinide,Solid,[Rn]7s2 5f11,+3,1.3,245,6.42,,1133,,,1952,
advanced,100,Fm,Fermium,257.09511,Actinide,Solid,[Rn] 5f12 7s2,+3,1.3,,6.50,,1800,,,1952,
advanced,101,Md,Mendelevium,258.09843,Actinide,Solid,[Rn]7s2 5f13,"+3, +2",1.3,,6.58,,1100,,,1955,
advanced,102,No,Nobelium,259.10100,Actinide,Solid,[Rn]7s2 5f14,"+3, +2",1.3,,6.65,,1100,,,1957,
advanced,103,Lr,Lawrencium,266.120,Actinide,Solid,[Rn]7s2 5f14 6d1,+3,1.3,,,,1900,,,1961,
advanced,104,Rf,Rutherfordium,267.122,Transition metal,Solid,[Rn]7s2 5f14 6d2,+4,,,,,,,,1964,
advanced,105,Db,Dubnium,268.126,Transition metal,Solid,[Rn]7s2 5f14 6d3,"5, 4, 3",,,,,,,,1967,
advanced,106,Sg,Seaborgium,269.128,Transition metal,Solid,[Rn]7s2 5f14 6d4,"6, 5, 4, 3, 0",,,,,,,,1974,
advanced,107,Bh,Bohrium,270.133,Transition metal,Solid,[Rn]7s2 5f14 6d5,"7, 5, 4, 3",,,,,,,,1976,
advanced,108,Hs,Hassium,269.1336,Transition metal,Solid,[Rn]7s2 5f14 6d6,"8, 6, 5, 4, 3, 2",,,,,,,,1984,
advanced,109,Mt,Meitnerium,277.154,Transition metal,Solid,[Rn]7s2 5f14 6d7 (calculated),"9, 8, 6, 4, 3, 1",,,,,,,,1982,predicted_or_estimated
advanced,110,Ds,Darmstadtium,282.166,Transition metal,Expected to be a Solid,[Rn]7s2 5f14 6d8 (predicted),"8, 6, 4, 2, 0",,,,,,,,1994,predicted_or_estimated
advanced,111,Rg,Roentgenium,282.169,Transition metal,Expected to be a Solid,[Rn]7s2 5f14 6d9 (predicted),"5, 3, 1, -1",,,,,,,,1994,predicted_or_estimated
advanced,112,Cn,Copernicium,286.179,Transition metal,Expected to be a Solid,[Rn]7s2 5f14 6d10 (predicted),"2, 1, 0",,,,,,,,1996,predicted_or_estimated
advanced,113,Nh,Nihonium,286.182,Post-transition metal,Expected to be a Solid,[Rn]5f14 6d10 7s2 7p1 (predicted),,,,,,,,,2004,predicted_or_estimated
advanced,114,Fl,Flerovium,290.192,Post-transition metal,Expected to be a Solid,[Rn]7s2 7p2 5f14 6d10 (predicted),"6, 4,2, 1, 0",,,,,,,,1998,predicted_or_estimated
advanced,115,Mc,Moscovium,290.196,Post-transition metal,Expected to be a Solid,[Rn]7s2 7p3 5f14 6d10 (predicted),"3, 1",,,,,,,,2003,predicted_or_estimated
advanced,116,Lv,Livermorium,293.205,Post-transition metal,Expected to be a Solid,[Rn]7s2 7p4 5f14 6d10 (predicted),"+4, +2, -2",,,,,,,,2000,predicted_or_estimated
advanced,117,Ts,Tennessine,294.211,Halogen,Expected to be a Solid,[Rn]7s2 7p5 5f14 6d10 (predicted),"+5, +3, +1, -1",,,,,,,,2010,predicted_or_estimated
advanced,118,Og,Oganesson,295.216,Noble gas,Expected to be a Gas,[Rn]7s2 7p6 5f14 6d10 (predicted),"+6, +4, +2, +1, 0, -1",,,,,,,,2006,predicted_or_estimated
