level,atomic_number,symbol,name,atomic_mass,group_block,standard_state,electron_configuration,oxidation_states
beginner,1,H,Hydrogen,1.0080,Nonmetal,Gas,1s1,"+1, -1"
beginner,2,He,Helium,4.00260,Noble gas,Gas,1s2,0
beginner,3,Li,Lithium,7.0,Alkali metal,Solid,[He]2s1,+1
beginner,4,Be,Beryllium,9.012183,Alkaline earth metal,Solid,[He]2s2,+2
beginner,5,B,Boron,10.81,Metalloid,Solid,[He]2s2 2p1,+3
beginner,6,C,Carbon,12.011,Nonmetal,Solid,[He]2s2 2p2,"+4, +2, -4"
beginner,7,N,Nitrogen,14.007,Nonmetal,Gas,[He] 2s2 2p3,"+5, +4, +3, +2, +1, -1, -2, -3"
beginner,8,O,Oxygen,15.999,Nonmetal,Gas,[He]2s2 2p4,-2
beginner,9,F,Fluorine,18.99840316,Halogen,Gas,[He]2s2 2p5,-1
beginner,10,Ne,Neon,20.180,Noble gas,Gas,[He]2s2 2p6,0
beginner,11,Na,Sodium,22.9897693,Alkali metal,Solid,[Ne]3s1,+1
beginner,12,Mg,Magnesium,24.305,Alkaline earth metal,Solid,[Ne]3s2,+2
beginner,13,Al,Aluminum,26.981538,Post-transition metal,Solid,[Ne]3s2 3p1,+3
beginner,14,Si,Silicon,28.085,Metalloid,Solid,[Ne]3s2 3p2,"+4, +2, -4"
beginner,15,P,Phosphorus,30.97376200,Nonmetal,Solid,[Ne]3s2 3p3,"+5, +3, -3"
beginner,16,S,Sulfur,32.07,Nonmetal,Solid,[Ne]3s2 3p4,"+6, +4, -2"
beginner,17,Cl,Chlorine,35.45,Halogen,Gas,[Ne]3s2 3p5,"+7, +5, +1, -1"
beginner,18,Ar,Argon,39.9,Noble gas,Gas,[Ne]3s2 3p6,0
beginner,19,K,Potassium,39.0983,Alkali metal,Solid,[Ar]4s1,+1
beginner,20,Ca,Calcium,40.08,Alkaline earth metal,Solid,[Ar]4s2,+2
beginner,21,Sc,Scandium,44.95591,Transition metal,Solid,[Ar]4s2 3d1,+3
beginner,22,Ti,Titanium,47.867,Transition metal,Solid,[Ar]4s2 3d2,"+4, +3, +2"
beginner,23,V,Vanadium,50.9415,Transition metal,Solid,[Ar]4s2 3d3,"+5, +4, +3, +2"
beginner,24,Cr,Chromium,51.996,Transition metal,Solid,[Ar]3d5 4s1,"+6, +3, +2"
beginner,25,Mn,Manganese,54.93804,Transition metal,Solid,[Ar]4s2 3d5,"+7, +4, +3, +2"
beginner,26,Fe,Iron,55.84,Transition metal,Solid,[Ar]4s2 3d6,"+3, +2"
beginner,27,Co,Cobalt,58.93319,Transition metal,Solid,[Ar]4s2 3d7,"+3, +2"
beginner,28,Ni,Nickel,58.693,Transition metal,Solid,[Ar]4s2 3d8,"+3, +2"
beginner,29,Cu,Copper,63.55,Transition metal,Solid,[Ar]4s1 3d10,"+2, +1"
beginner,30,Zn,Zinc,65.4,Transition metal,Solid,[Ar]4s2 3d10,+2
beginner,31,Ga,Gallium,69.723,Post-transition metal,Solid,[Ar]4s2 3d10 4p1,+3
beginner,32,Ge,Germanium,72.63,Metalloid,Solid,[Ar]4s2 3d10 4p2,"+4, +2"
beginner,33,As,Arsenic,74.92159,Metalloid,Solid,[Ar]4s2 3d10 4p3,"+5, +3, -3"
beginner,34,Se,Selenium,78.97,Nonmetal,Solid,[Ar]4s2 3d10 4p4,"+6, +4, -2"
beginner,35,Br,Bromine,79.90,Halogen,Liquid,[Ar]4s2 3d10 4p5,"+5, +1, -1"
beginner,36,Kr,Krypton,83.80,Noble gas,Gas,[Ar]4s2 3d10 4p6,0
beginner,37,Rb,Rubidium,85.468,Alkali metal,Solid,[Kr]5s1,+1
beginner,38,Sr,Strontium,87.62,Alkaline earth metal,Solid,[Kr]5s2,+2
beginner,39,Y,Yttrium,88.90584,Transition metal,Solid,[Kr]5s2 4d1,+3
beginner,40,Zr,Zirconium,91.22,Transition metal,Solid,[Kr]5s2 4d2,+4
beginner,41,Nb,Niobium,92.90637,Transition metal,Solid,[Kr]5s1 4d4,"+5, +3"
beginner,42,Mo,Molybdenum,95.95,Transition metal,Solid,[Kr]5s1 4d5,+6
beginner,43,Tc,Technetium,96.90636,Transition metal,Solid,[Kr]5s2 4d5,"+7, +6, +4"
beginner,44,Ru,Ruthenium,101.1,Transition metal,Solid,[Kr]5s1 4d7,+3
beginner,45,Rh,Rhodium,102.9055,Transition metal,Solid,[Kr]5s1 4d8,+3
beginner,46,Pd,Palladium,106.42,Transition metal,Solid,[Kr]4d10,"+3, +2"
beginner,47,Ag,Silver,107.868,Transition metal,Solid,[Kr]5s1 4d10,+1
beginner,48,Cd,Cadmium,112.41,Transition metal,Solid,[Kr]5s2 4d10,+2
beginner,49,In,Indium,114.818,Post-transition metal,Solid,[Kr]5s2 4d10 5p1,+3
beginner,50,Sn,Tin,118.71,Post-transition metal,Solid,[Kr]5s2 4d10 5p2,"+4, +2"
beginner,51,Sb,Antimony,121.760,Metalloid,Solid,[Kr]5s2 4d10 5p3,"+5, +3, -3"
beginner,52,Te,Tellurium,127.6,Metalloid,Solid,[Kr]5s2 4d10 5p4,"+6, +4, -2"
beginner,53,I,Iodine,126.9045,Halogen,Solid,[Kr]5s2 4d10 5p5,"+7, +5, +1, -1"
beginner,54,Xe,Xenon,131.29,Noble gas,Gas,[Kr]5s2 4d10 5p6,0
beginner,55,Cs,Cesium,132.9054520,Alkali metal,Solid,[Xe]6s1,+1
beginner,56,Ba,Barium,137.33,Alkaline earth metal,Solid,[Xe]6s2,+2
beginner,57,La,Lanthanum,138.9055,Lanthanide,Solid,[Xe]6s2 5d1,+3
beginner,58,Ce,Cerium,140.116,Lanthanide,Solid,[Xe]6s2 4f1 5d1,"+4, +3"
beginner,59,Pr,Praseodymium,140.90766,Lanthanide,Solid,[Xe]6s2 4f3,+3
beginner,60,Nd,Neodymium,144.24,Lanthanide,Solid,[Xe]6s2 4f4,+3
beginner,61,Pm,Promethium,144.91276,Lanthanide,Solid,[Xe]6s2 4f5,+3
beginner,62,Sm,Samarium,150.4,Lanthanide,Solid,[Xe]6s2 4f6,"+3, +2"
beginner,63,Eu,Europium,151.964,Lanthanide,Solid,[Xe]6s2 4f7,"+3, +2"
beginner,64,Gd,Gadolinium,157.25,Lanthanide,Solid,[Xe]6s2 4f7 5d1,+3
beginner,65,Tb,Terbium,158.92535,Lanthanide,Solid,[Xe]6s2 4f9,+3
beginner,66,Dy,Dysprosium,162.500,Lanthanide,Solid,[Xe]6s2 4f10,+3
beginner,67,Ho,Holmium,164.93033,Lanthanide,Solid,[Xe]6s2 4f11,+3
beginner,68,Er,Erbium,167.26,Lanthanide,Solid,[Xe]6s2 4f12,+3
beginner,69,Tm,Thulium,168.93422,Lanthanide,Solid,[Xe]6s2 4f13,+3
beginner,70,Yb,Ytterbium,173.05,Lanthanide,Solid,[Xe]6s2 4f14,"+3, +2"
beginner,71,Lu,Lutetium,174.9667,Lanthanide,Solid,[Xe]6s2 4f14 5d1,+3
beginner,72,Hf,Hafnium,178.49,Transition metal,Solid,[Xe]6s2 4f14 5d2,+4
beginner,73,Ta,Tantalum,180.9479,Transition metal,Solid,[Xe]6s2 4f14 5d3,+5
beginner,74,W,Tungsten,183.84,Transition metal,Solid,[Xe]6s2 4f14 5d4,+6
beginner,75,Re,Rhenium,186.207,Transition metal,Solid,[Xe]6s2 4f14 5d5,"+7, +6, +4"
beginner,76,Os,Osmium,190.2,Transition metal,Solid,[Xe]6s2 4f14 5d6,"+4, +3"
beginner,77,Ir,Iridium,192.22,Transition metal,Solid,[Xe]6s2 4f14 5d7,"+4, +3"
beginner,78,Pt,Platinum,195.08,Transition metal,Solid,[Xe]6s1 4f14 5d9,"+4, +2"
beginner,79,Au,Gold,196.96657,Transition metal,Solid,[Xe]6s1 4f14 5d10,"+3, +1"
beginner,80,Hg,Mercury,200.59,Transition metal,Liquid,[Xe]6s2 4f14 5d10,"+2, +1"
beginner,81,Tl,Thallium,204.383,Post-transition metal,Solid,[Xe]6s2 4f14 5d10 6p1,"+3, +1"
beginner,82,Pb,Lead,207,Post-transition metal,Solid,[Xe]6s2 4f14 5d10 6p2,"+4, +2"
beginner,83,Bi,Bismuth,208.98040,Post-transition metal,Solid,[Xe]6s2 4f14 5d10 6p3,"+5, +3"
beginner,84,Po,Polonium,208.98243,Metalloid,Solid,[Xe]6s2 4f14 5d10 6p4,"+4, +2"
beginner,85,At,Astatine,209.98715,Halogen,Solid,[Xe]6s2 4f14 5d10 6p5,"7, 5, 3, 1, -1"
beginner,86,Rn,Radon,222.01758,Noble gas,Gas,[Xe]6s2 4f14 5d10 6p6,0
beginner,87,Fr,Francium,223.01973,Alkali metal,Solid,[Rn]7s1,+1
beginner,88,Ra,Radium,226.02541,Alkaline earth metal,Solid,[Rn]7s2,+2
beginner,89,Ac,Actinium,227.02775,Actinide,Solid,[Rn]7s2 6d1,+3
beginner,90,Th,Thorium,232.038,Actinide,Solid,[Rn]7s2 6d2,+4
beginner,91,Pa,Protactinium,231.03588,Actinide,Solid,[Rn]7s2 5f2 6d1,"+5, +4"
beginner,92,U,Uranium,238.0289,Actinide,Solid,[Rn]7s2 5f3 6d1,"+6, +5, +4, +3"
beginner,93,Np,Neptunium,237.048172,Actinide,Solid,[Rn]7s2 5f4 6d1,"+6, +5, +4, +3"
beginner,94,Pu,Plutonium,244.06420,Actinide,Solid,[Rn]7s2 5f6,"+6, +5, +4, +3"
beginner,95,Am,Americium,243.061380,Actinide,Solid,[Rn]7s2 5f7,"+6, +5, +4, +3"
beginner,96,Cm,Curium,247.07035,Actinide,Solid,[Rn]7s2 5f7 6d1,+3
beginner,97,Bk,Berkelium,247.07031,Actinide,Solid,[Rn]7s2 5f9,"+4, +3"
beginner,98,Cf,Californium,251.07959,Actinide,Solid,[Rn]7s2 5f10,+3
beginner,99,Es,Einsteinium,252.0830,Actinide,Solid,[Rn]7s2 5f11,+3
beginner,100,Fm,Fermium,257.09511,Actinide,Solid,[Rn] 5f12 7s2,+3
beginner,101,Md,Mendelevium,258.09843,Actinide,Solid,[Rn]7s2 5f13,"+3, +2"
beginner,102,No,Nobelium,259.10100,Actinide,Solid,[Rn]7s2 5f14,"+3, +2"
beginner,103,Lr,Lawrencium,266.120,Actinide,Solid,[Rn]7s2 5f14 6d1,+3
beginner,104,Rf,Rutherfordium,267.122,Transition metal,Solid,[Rn]7s2 5f14 6d2,+4
beginner,105,Db,Dubnium,268.126,Transition metal,Solid,[Rn]7s2 5f14 6d3,"5, 4, 3"
beginner,106,Sg,Seaborgium,269.128,Transition metal,Solid,[Rn]7s2 5f14 6d4,"6, 5, 4, 3, 0"
beginner,107,Bh,Bohrium,270.133,Transition metal,Solid,[Rn]7s2 5f14 6d5,"7, 5, 4, 3"
beginner,108,Hs,Hassium,269.1336,Transition metal,Solid,[Rn]7s2 5f14 6d6,"8, 6, 5, 4, 3, 2"
beginner,109,Mt,Meitnerium,277.154,Transition metal,Solid,[Rn]7s2 5f14 6d7 (calculated),"9, 8, 6, 4, 3, 1"
beginner,110,Ds,Darmstadtium,282.166,Transition metal,Expected to be a Solid,[Rn]7s2 5f14 6d8 (predicted),"8, 6, 4, 2, 0"
beginner,111,Rg,Roentgenium,282.169,Transition metal,Expected to be a Solid,[Rn]7s2 5f14 6d9 (predicted),"5, 3, 1, -1"
beginner,112,Cn,Copernicium,286.179,Transition metal,Expected to be a Solid,[Rn]7s2 5f14 6d10 (predicted),"2, 1, 0"
beginner,113,Nh,Nihonium,286.182,Post-transition metal,Expected to be a Solid,[Rn]5f14 6d10 7s2 7p1 (predicted),
beginner,114,Fl,Flerovium,290.192,Post-transition metal,Expected to be a Solid,[Rn]7s2 7p2 5f14 6d10 (predicted),"6, 4,2, 1, 0"
beginner,115,Mc,Moscovium,290.196,Post-transition metal,Expected to be a Solid,[Rn]7s2 7p3 5f14 6d10 (predicted),"3, 1"
beginner,116,Lv,Livermorium,293.205,Post-transition metal,Expected to be a Solid,[Rn]7s2 7p4 5f14 6d10 (predicted),"+4, +2, -2"
beginner,117,Ts,Tennessine,294.211,Halogen,Expected to be a Solid,[Rn]7s2 7p5 5f14 6d10 (predicted),"+5, +3, +1, -1"
beginner,118,Og,Oganesson,295.216,Noble gas,Expected to be a Gas,[Rn]7s2 7p6 5f14 6d10 (predicted),"+6, +4, +2, +1, 0, -1"
