AtomicNumber,Symbol,PersianName,Name,Atomic Mass,Density,Standard State,Electronegativity,Ionization Energy,Electron Configuration,Atomic Radius,Oxidation States,Electron Affinity,Melting Point,Boiling Point,Year Discovered,Metal / Metalloid / Nonmetal,Chemical Group / Family
1,H,هیدروژن,Hydrogen,1.0080,0.00008988,Gas,2.2,13.598,1s1,120,"+1, -1",0.754,13.81,20.28,1766,Non-metal,Nonmetal
2,He,هلیوم,Helium,4.00260,0.0001785,Gas,,24.587,1s2,140,,0.0,0.95,4.22,1868,Non-metal,Noble gas
3,Li,لیتیم,Lithium,7.0,0.534,Solid,0.98,5.392,[He]2s1,182,+1,0.618,453.65,1615,1817,Metal,Alkali metal
4,Be,بریلیم,Beryllium,9.012183,1.85,Solid,1.57,9.323,[He]2s2,153,+2,,1560,2744,1798,Metal,Alkaline earth metal
5,B,بور,Boron,10.81,2.37,Solid,2.04,8.298,[He]2s2 2p1,192,+3,0.277,2348,4273,1808,Semi-metal,Metalloid
6,C,کربن,Carbon,12.011,2.2670,Solid,2.55,11.260,[He]2s2 2p2,170,"+4, +2, -4",1.263,3823,4098,Ancient,Non-metal,Nonmetal
7,N,نیتروژن,Nitrogen,14.007,0.0012506,Gas,3.04,14.534,[He] 2s2 2p3,155,"+5, +4, +3, +2, +1, -1, -2, -3",,63.15,77.36,1772,Non-metal,Pnictogen
8,O,اکسیژن,Oxygen,15.999,0.001429,Gas,3.44,13.618,[He]2s2 2p4,152,-2,1.461,54.36,90.2,1774,Non-metal,Chalcogen
9,F,فلوئور,Fluorine,18.99840316,0.001696,Gas,3.98,17.423,[He]2s2 2p5,135,-1,3.339,53.53,85.03,1670,Non-metal,Halogen
10,Ne,نئون,Neon,20.180,0.0008999,Gas,,21.565,[He]2s2 2p6,154,0,,24.56,27.07,1898,Non-metal,Noble gas
11,Na,سدیم,Sodium,22.9897693,0.00097,Solid,0.93,5.139,[Ne]3s1,227,+1,0.548,370.95,1156,1807,Metal,Alkali metal
12,Mg,منیزیم,Magnesium,24.305,1.74,Solid,1.31,7.646,[Ne]3s2,173,+2,,923,1363,1808,Metal,Alkaline earth metal
13,آلومینیوم,Al,Aluminum,26.981538,2.70,Solid,1.61,5.986,[Ne]3s2 3p1,184,+3,0.441,933.437,2792,Ancient,Metal,Post-transition metal
14,Si,سیلیسیم,Silicon,28.085,2.3296,Solid,1.9,8.152,[Ne]3s2 3p2,210,"+4, +2, -4",1.385,1687,3538,1854,Semi-metal,Metalloid
15,P,فسفر,Phosphorus,30.97376200,1.82,Solid,2.19,10.487,[Ne]3s2 3p3,180,"+5, +3, -3",0.746,317.3,553.65,1669,Non-metal,Pnictogen
16,S,گوگرد,Sulfur,32.07,2.067,Solid,2.58,10.360,[Ne]3s2 3p4,180,"+6, +4, -2",2.077,388.36,717.75,Ancient,Non-metal,Chalcogen
17,Cl,کلر,Chlorine,35.45,0.003214,Gas,3.16,12.968,[Ne]3s2 3p5,175,"+7, +5, +1, -1",3.617,171.65,239.11,1774,Non-metal,Halogen
18,Ar,آرگون,Argon,39.9,0.0017837,Gas,,15.760,[Ne]3s2 3p6,188,0,,83.8,87.3,1894,Non-metal,Noble gas
19,K,پتاسیم,Potassium,39.0983,0.89,Solid,0.82,4.341,[Ar]4s1,275,+1,0.501,336.53,1032,1807,Metal,Alkali metal
20,Ca,کلسیم,Calcium,40.08,1.54,Solid,1,6.113,[Ar]4s2,231,+2,,1115,1757,Ancient,Metal,Alkaline earth metal
21,Sc,اسکاندیم,Scandium,44.95591,2.99,Solid,1.36,6.561,[Ar]4s2 3d1,211,+3,0.188,1814,3109,1879,Metal,Transition metal
22,Ti,تیتانیم,Titanium,47.867,4.5,Solid,1.54,6.828,[Ar]4s2 3d2,187,"+4, +3, +2",0.079,1941,3560,1791,Metal,Transition metal
23,V,وانادیم,Vanadium,50.9415,6.0,Solid,1.63,6.746,[Ar]4s2 3d3,179,"+5, +4, +3, +2",0.525,2183,3680,1801,Metal,Transition metal
24,Cr,کروم,Chromium,51.996,7.15,Solid,1.66,6.767,[Ar]3d5 4s1,189,"+6, +3, +2",0.666,2180,2944,1797,Metal,Transition metal
25,Mn,منگنز,Manganese,54.93804,7.3,Solid,1.55,7.434,[Ar]4s2 3d5,197,"+7, +4, +3, +2",,1519,2334,1774,Metal,Transition metal
26,Fe,آهن,Iron,55.84,7.874,Solid,1.83,7.902,[Ar]4s2 3d6,194,"+3, +2",0.163,1811,3134,Ancient,Metal,Transition metal
27,Co,کبالت,Cobalt,58.93319,8.86,Solid,1.88,7.881,[Ar]4s2 3d7,192,"+3, +2",0.661,1768,3200,1735,Metal,Transition metal
28,Ni,نیکل,Nickel,58.693,8.912,Solid,1.91,7.640,[Ar]4s2 3d8,163,"+3, +2",1.156,1728,3186,1751,Metal,Transition metal
29,Cu,مس,Copper,63.55,8.933,Solid,1.9,7.726,[Ar]4s1 3d10,140,"+2, +1",1.228,1357.77,2835,Ancient,Metal,Transition metal
30,Zn,روی,Zinc,65.4,7.134,Solid,1.65,9.394,[Ar]4s2 3d10,139,+2,,692.68,1180,1746,Metal,Transition metal
31,Ga,گالیم,Gallium,69.723,5.91,Solid,1.81,5.999,[Ar]4s2 3d10 4p1,187,+3,0.3,302.91,2477,1875,Metal,Post-transition metal
32,Ge,ژرمانیم,Germanium,72.63,5.323,Solid,2.01,7.900,[Ar]4s2 3d10 4p2,211,"+4, +2",1.35,1211.4,3106,1886,Semi-metal,Metalloid
33,As,آرسنیک,Arsenic,74.92159,5.776,Solid,2.18,9.815,[Ar]4s2 3d10 4p3,185,"+5, +3, -3",0.81,1090,887,Ancient,Semi-metal,Metalloid
34,Se,سلنیوم,Selenium,78.97,4.809,Solid,2.55,9.752,[Ar]4s2 3d10 4p4,190,"+6, +4, -2",2.021,493.65,958,1817,Non-metal,Chalcogen
35,Br,برم,Bromine,79.90,3.11,Liquid,2.96,11.814,[Ar]4s2 3d10 4p5,183,"+5, +1, -1",3.365,265.95,331.95,1826,Non-metal,Halogen
36,Kr,کریپتون,Krypton,83.80,0.003733,Gas,3,14.000,[Ar]4s2 3d10 4p6,202,0,,115.79,119.93,1898,Non-metal,Noble gas
37,Rb,روبیدیم,Rubidium,85.468,1.53,Solid,0.82,4.177,[Kr]5s1,303,+1,0.468,312.46,961,1861,Metal,Alkali metal
38,Sr,استرانسیم,Strontium,87.62,2.64,Solid,0.95,5.695,[Kr]5s2,249,+2,,1050,1655,1790,Metal,Alkaline earth metal
39,Y,ایتریم,Yttrium,88.90584,4.47,Solid,1.22,6.217,[Kr]5s2 4d1,219,+3,0.307,1795,3618,1794,Metal,Transition metal
40,Zr,زیرکونیم,Zirconium,91.22,6.52,Solid,1.33,6.634,[Kr]5s2 4d2,186,+4,0.426,2128,4682,1789,Metal,Transition metal
41,Nb,نیوبیم,Niobium,92.90637,8.57,Solid,1.6,6.759,[Kr]5s1 4d4,207,"+5, +3",0.893,2750,5017,1801,Metal,Transition metal
42,Mo,مولیبدن,Molybdenum,95.95,10.2,Solid,2.16,7.092,[Kr]5s1 4d5,209,+6,0.746,2896,4912,1778,Metal,Transition metal
43,Tc,تکنسیم,Technetium,96.90636,11,Solid,1.9,7.28,[Kr]5s2 4d5,209,"+7, +6, +4",0.55,2430,4538,1937,Metal,Transition metal
44,Ru,روتنیم,Ruthenium,101.1,12.1,Solid,2.2,7.361,[Kr]5s1 4d7,207,+3,1.05,2607,4423,1827,Metal,Transition metal
45,Rh,رودیم,Rhodium,102.9055,12.4,Solid,2.28,7.459,[Kr]5s1 4d8,195,+3,1.137,2237,3968,1803,Metal,Transition metal
46,Pd,پالادیم,Palladium,106.42,12.0,Solid,2.2,8.337,[Kr]4d10,202,"+3, +2",0.557,1828.05,3236,1803,Metal,Transition metal
47,Ag,نقره,Silver,107.868,10.501,Solid,1.93,7.576,[Kr]5s1 4d10,172,+1,1.302,1234.93,2435,Ancient,Metal,Transition metal
48,Cd,کادمیم,Cadmium,112.41,8.69,Solid,1.69,8.994,[Kr]5s2 4d10,158,+2,,594.22,1040,1817,Metal,Transition metal
49,In,ایندیم,Indium,114.818,7.31,Solid,1.78,5.786,[Kr]5s2 4d10 5p1,193,+3,0.3,429.75,2345,1863,Metal,Post-transition metal
50,Sn,قلع,Tin,118.71,7.287,Solid,1.96,7.344,[Kr]5s2 4d10 5p2,217,"+4, +2",1.2,505.08,2875,Ancient,Metal,Post-transition metal
51,Sb,آنتیموان,Antimony,121.760,6.685,Solid,2.05,8.64,[Kr]5s2 4d10 5p3,206,"+5, +3, -3",1.07,903.78,1860,Ancient,Semi-metal,Metalloid
52,Te,تلوریم,Tellurium,127.6,6.232,Solid,2.1,9.010,[Kr]5s2 4d10 5p4,206,"+6, +4, -2",1.971,722.66,1261,1782,Semi-metal,Metalloid
53,I,ید,Iodine,126.9045,4.93,Solid,2.66,10.451,[Kr]5s2 4d10 5p5,198,"+7, +5, +1, -1",3.059,386.85,457.55,1811,Non-metal,Halogen
54,Xe,زنون,Xenon,131.29,0.005887,Gas,2.6,12.130,[Kr]5s2 4d10 5p6,216,0,,161.36,165.03,1898,Non-metal,Noble gas
55,Cs,سزیم,Cesium,132.90545196,1.879,Solid,0.79,3.894,[Xe]6s1,343,+1,0.472,301.59,944,1860,Metal,Alkali metal
56,Ba,باریم,Barium,137.327,3.594,Solid,0.89,5.212,[Xe]6s2,268,+2,,1000,2170,1808,Metal,Alkaline earth metal
57,La,لانتان,Lanthanum,138.90547,6.145,Solid,1.1,5.577,[Xe]5d1 6s2,240,+3,0.5,1193,3737,1839,Metal,Lanthanide
58,Ce,سریم,Cerium,140.116,6.770,Solid,1.12,5.539,[Xe]4f1 5d1 6s2,235,"+4, +3",0.5,1068,3716,1803,Metal,Lanthanide
59,Pr,پراسئودیمیم,Praseodymium,140.90766,6.77,Solid,1.13,5.464,[Xe]4f3 6s2,239,+3,0.5,1208,3793,1885,Metal,Lanthanide
60,Nd,نئودیمیم,Neodymium,144.242,7.01,Solid,1.14,5.525,[Xe]4f4 6s2,229,+3,0.5,1297,3347,1885,Metal,Lanthanide
61,Pm,پرومتیم,Promethium,145,7.26,Solid,,5.55,[Xe]4f5 6s2,236,+3,,1315,3273,1945,Metal,Lanthanide
62,Sm,ساماریم,Samarium,150.36,7.52,Solid,1.17,5.644,[Xe]4f6 6s2,229,+3,0.5,1345,2067,1879,Metal,Lanthanide
63,Eu,یوروپیم,Europium,151.964,5.244,Solid,,5.670,[Xe]4f7 6s2,233,"+3, +2",,1099,1802,1901,Metal,Lanthanide
64,Gd,گادولینیم,Gadolinium,157.25,7.895,Solid,1.2,6.150,[Xe]4f7 5d1 6s2,237,+3,0.5,1585,3546,1880,Metal,Lanthanide
65,Tb,تربیم,Terbium,158.92535,8.33,Solid,,5.864,[Xe]4f9 6s2,221,+3,0.5,1629,3503,1843,Metal,Lanthanide
66,Dy,دیسپروزیم,Dysprosium,162.500,8.55,Solid,1.22,5.939,[Xe]4f10 6s2,229,+3,0.5,1680,2840,1886,Metal,Lanthanide
67,Ho,هولمیم,Holmium,164.93033,8.80,Solid,1.23,6.022,[Xe]4f11 6s2,216,+3,0.5,1734,2993,1878,Metal,Lanthanide
68,Er,اربیم,Erbium,167.259,9.066,Solid,1.24,6.108,[Xe]4f12 6s2,235,+3,0.5,1802,3141,1842,Metal,Lanthanide
69,Tm,تولیم,Thulium,168.93422,9.321,Solid,1.25,6.184,[Xe]4f13 6s2,227,+3,0.5,1818,2223,1879,Metal,Lanthanide
70,Yb,ایتربیم,Ytterbium,173.045,6.965,Solid,,6.254,[Xe]4f14 6s2,242,+3,0.5,1097,1469,1878,Metal,Lanthanide
71,Lu,لوتتیم,Lutetium,174.9668,9.840,Solid,1.27,5.426,[Xe]4f14 5d1 6s2,221,+3,0.5,1925,3675,1907,Metal,Lanthanide
72,Hf,هافنیوم,Hafnium,178.49,13.31,Solid,1.3,6.825,[Xe]4f14 5d2 6s2,212,+4,0.0,2506,4876,1923,Metal,Transition metal
73,Ta,تانتال,Tantalum,180.94788,16.65,Solid,1.5,7.89,[Xe]4f14 5d3 6s2,217,+5,0.322,3290,5731,1802,Metal,Transition metal
74,W,تنگستن,Tungsten,183.84,19.25,Solid,2.36,7.98,[Xe]4f14 5d4 6s2,210,"+6, +5, +4, +3, +2",0.815,3695,5828,1783,Metal,Transition metal
75,Re,رنیوم,Rhenium,186.207,21.02,Solid,1.9,7.833,[Xe]4f14 5d5 6s2,217,"+7, +6, +4",0.15,3459,5903,1925,Metal,Transition metal
76,Os,اسمیم,Osmium,190.23,22.59,Solid,2.2,8.438,[Xe]4f14 5d6 6s2,216,"+4, +3",1.1,3306,5285,1803,Metal,Transition metal
77,Ir,ایریدیم,Iridium,192.217,22.56,Solid,2.2,8.967,[Xe]4f14 5d7 6s2,202,"+4, +3",1.565,2739,4701,1803,Metal,Transition metal
78,Pt,پلاتین,Platinum,195.084,21.45,Solid,2.28,8.959,[Xe]4f14 5d9 6s1,213,"+4, +2",2.128,2041.4,4098,1735,Metal,Transition metal
79,Au,طلا,Gold,196.966569,19.3,Solid,2.54,9.226,[Xe]4f14 5d10 6s1,214,+3,2.309,1337.33,3129,Ancient,Metal,Transition metal
80,Hg,جیوه,Mercury,200.592,13.534,Liquid,2,10.438,[Xe]4f14 5d10 6s2,223,"+2, +1",0,234.32,629.88,Ancient,Metal,Transition metal
81,Tl,تالیم,Thallium,204.3833,11.85,Solid,1.62,6.108,[Xe]4f14 5d10 6s2 6p1,196,+3,0.377,577,1746,1861,Metal,Post-transition metal
82,Pb,سرب,Lead,207.2,11.34,Solid,2.33,7.417,[Xe]4f14 5d10 6s2 6p2,202,"+4, +2",0.364,600.61,2022,Ancient,Metal,Post-transition metal
83,Bi,بیسموت,Bismuth,208.98040,9.78,Solid,2.02,7.286,[Xe]4f14 5d10 6s2 6p3,170,"+5, +3",0.942,544.7,1837,Ancient,Metal,Pnictogen
84,Po,پولونیم,Polonium,209,9.196,Solid,2,8.417,[Xe]4f14 5d10 6s2 6p4,168,"+4, +2",1.9,527,1235,1898,Metal,Chalcogen
85,At,آستاتین,Astatine,210,,Solid,2.2,9.318,[Xe]4f14 5d10 6s2 6p5,150,+7,2.8,575,610,1940,Semi-metal,Halogen
86,Rn,رادون,Radon,222,0.00973,Gas,,10.748,[Xe]4f14 5d10 6s2 6p6,220,0,,202,211.45,1900,Non-metal,Noble gas
87,Fr,فرانسیم,Francium,223,,Solid,,4.073,[Rn]7s1,260,+1,0.47,300,950,1939,Metal,Alkali metal
88,Ra,رادیم,Radium,226,5.5,Solid,0.9,5.279,[Rn]7s2,221,+2,,973,2010,1898,Metal,Alkaline earth metal
89,Ac,اکتینیم,Actinium,227,10.07,Solid,1.1,5.17,[Rn]6d1 7s2,260,+3,,1323,3471,1899,Metal,Actinide
90,Th,توریم,Thorium,232.0377,11.72,Solid,1.3,6.307,[Rn]6d2 7s2,237,+4,0,2023,5061,1828,Metal,Actinide
91,Pa,پروتاکتینیم,Protactinium,231.03588,15.37,Solid,1.5,5.89,[Rn]5f2 6d1 7s2,243,+5,0,1841,4300,1913,Metal,Actinide
92,U,اورانیوم,Uranium,238.02891,19.05,Solid,1.38,6.194,[Rn]5f3 6d1 7s2,240,"+6, +5, +4, +3",0,1405.3,4404,1789,Metal,Actinide
93,Np,نپتونیم,Neptunium,237,20.45,Solid,1.36,6.266,[Rn]5f4 6d1 7s2,221,"+6, +5, +4, +3",,917,4175,1940,Metal,Actinide
94,Pu,پلوتونیم,Plutonium,244,19.816,Solid,1.28,6.026,[Rn]5f6 7s2,243,"+6, +5, +4, +3",,912.5,3501,1940,Metal,Actinide
95,Am,آمریسیم,Americium,243,13.67,Solid,1.3,5.974,[Rn]5f7 7s2,244,"+6, +5, +4, +3",,1449,2880,1944,Metal,Actinide
96,Cm,کوریوم,Curium,247,13.51,Solid,1.3,5.991,[Rn]5f7 6d1 7s2,245,"+3",,1613,3383,1944,Metal,Actinide
97,Bk,برکلیم,Berkelium,247,14.78,Solid,1.3,6.198,[Rn]5f9 7s2,244,"+4, +3",,1259,2900,1949,Metal,Actinide
98,Cf,کالیفرنیم,Californium,251,15.1,Solid,1.3,6.282,[Rn]5f10 7s2,245,"+3",,1173,1743,1950,Metal,Actinide
99,Es,اینشتینیم,Einsteinium,252,8.84,Solid,1.3,6.42,[Rn]5f11 7s2,245,+3,,1133,1269,1952,Metal,Actinide
100,Fm,فرمیم,Fermium,257,9.7,Solid,1.3,6.5,[Rn]5f12 7s2,245,+3,,1527,1771,1952,Metal,Actinide
101,Md,مندلیفیم,Mendelevium,258,10.3,Solid,1.3,6.58,[Rn]5f13 7s2,245,+3,,1100,1400,1955,Metal,Actinide
102,No,نوبلیم,Nobelium,259,9.9,Solid,1.3,6.65,[Rn]5f14 7s2,245,+2,,1100,1100,1958,Metal,Actinide
103,Lr,لورنسیم,Lawrencium,262,14.4,Solid,1.3,4.9,[Rn]5f14 7s2 7p1,260,+3,,1900,?,1961,Metal,Actinide
104,Rf,رادرفوردیم,Rutherfordium,267,,Expected to be a Solid,,, [Rn]5f14 6d2 7s2,200,"+4, +3, +2",,2400,5800,1969,Metal,Transition metal
105,Db,دوبنیم,Dubnium,270,,Expected to be a Solid,,, [Rn]5f14 6d3 7s2,200,+5,,? ,?,1967,Metal,Transition metal
106,Sg,سیبورگیم,Seaborgium,271,,Expected to be a Solid,,, [Rn]5f14 6d4 7s2,200,+6,,?, ?,1974,Metal,Transition metal
107,Bh,بوهریم,Bohrium,270,,Expected to be a Solid,,, [Rn]5f14 6d5 7s2,200,+7,,?, ?,1981,Metal,Transition metal
108,Hs,هاسیوم,Hassium,277,,Expected to be a Solid,,, [Rn]5f14 6d6 7s2,200,+8,,?, ?,1984,Metal,Transition metal
109,Mt,مایتنریم,Meitnerium,278,,Expected to be a Solid,,, [Rn]5f14 6d7 7s2,200,+9,,?, ?,1982,Metal,Transition metal
110,Ds,دارمشتاتیم,Darmstadtium,281,,Expected to be a Solid,,, [Rn]5f14 6d9 7s1,200,+10,,?, ?,1994,Metal,Transition metal
111,Rg,رونتگنیم,Roentgenium,282,,Expected to be a Solid,,, [Rn]5f14 6d10 7s1,200,+1,,?, ?,1994,Metal,Transition metal
112,Cn,کوپرنیسیم,Copernicium,285,,Expected to be a Solid,,, [Rn]5f14 6d10 7s2,200,+2,,?, ?,1996,Metal,Transition metal
113,Nh,نیهونیوم,Nihonium,286,,Expected to be a Solid,,, [Rn]5f14 6d10 7s2 7p1,200,+1,0.7,?, ?,2003,Metal,Post-transition metal
114,Fl,فلروویم,Flerovium,289,,Expected to be a Solid,,, [Rn]5f14 6d10 7s2 7p2,200,+2,0.35,?, ?,1999,Metal,Post-transition metal
115,Mc,مسکوویم,Moscovium,290,,Expected to be a Solid,,, [Rn]5f14 6d10 7s2 7p3,200,+3,0.0,?, ?,2003,Metal,Pnictogen
116,Lv,لیورموریم,Livermorium,293,,Expected to be a Solid,,, [Rn]5f14 6d10 7s2 7p4,200,+4,0.0,?, ?,2000,Metal,Chalcogen
117,Ts,تنسین,Tennessine,294,,Expected to be a Solid,,, [Rn]5f14 6d10 7s2 7p5,200,+1,,?, ?,2010,Non-metal,Halogen
118,Og,اوگانسون,Oganesson,295.216,,Expected to be a Gas,,, [Rn]7s2 7p6 5f14 6d10 (predicted),,,?, ?,2006,Non-metal,Noble gas
